H1(Q) = [ 0, 0 ]
  abelianization image of sheet_BxBi_y trivial: true
  abelianization image of BxBi_yi trivial: true
  abelianization image of BixB_y trivial: true
  abelianization image of BixB_yi trivial: true
  abelianization image of ctrl_ByBi trivial: true
  abelianization image of ctrl_AxAi trivial: true
A5: 19 quotient(s); sheet_BxBi_y:[ true, true, true, true, true, true, true, 
  true, true, true, true, true, true, true, true, true, true, true, true 
 ]; BxBi_yi:[ true, true, true, true, true, true, true, true, true, true, 
  true, true, true, true, true, true, true, true, true ]; BixB_y:
[ true, true, true, true, true, true, true, true, true, true, true, true, 
  true, true, true, true, true, true, true ]; BixB_yi:
[ true, true, true, true, true, true, true, true, true, true, true, true, 
  true, true, true, true, true, true, true ]; ctrl_ByBi:
[ true, true, true, true, true, true, true, true, true, true, true, true, 
  true, true, true, true, true, true, true ]; ctrl_AxAi:
[ true, true, true, true, true, true, true, true, true, true, true, true, 
  true, true, true, true, true, true, true ]
PSL(2,7): 57 quotient(s); sheet_BxBi_y:[ true, true, true, true, true, true, 
  true, true, true, true, true, true, true, true, true, true, true, true, 
  true, true, true, true, true, true, true, true, true, true, true, true, 
  true, true, true, true, true, true, true, true, true, true, true, true, 
  true, true, true, true, true, true, true, true, true, true, true, true, 
  true, true, true ]; BxBi_yi:[ true, true, true, true, true, true, true, 
  true, true, true, true, true, true, true, true, true, true, true, true, 
  true, true, true, true, true, true, true, true, true, true, true, true, 
  true, true, true, true, true, true, true, true, true, true, true, true, 
  true, true, true, true, true, true, true, true, true, true, true, true, 
  true, true ]; BixB_y:[ true, true, true, true, true, true, true, true, 
  true, true, true, true, true, true, true, true, true, true, true, true, 
  true, true, true, true, true, true, true, true, true, true, true, true, 
  true, true, true, true, true, true, true, true, true, true, true, true, 
  true, true, true, true, true, true, true, true, true, true, true, true, 
  true ]; BixB_yi:[ true, true, true, true, true, true, true, true, true, 
  true, true, true, true, true, true, true, true, true, true, true, true, 
  true, true, true, true, true, true, true, true, true, true, true, true, 
  true, true, true, true, true, true, true, true, true, true, true, true, 
  true, true, true, true, true, true, true, true, true, true, true, true 
 ]; ctrl_ByBi:[ true, true, true, true, true, true, true, true, true, true, 
  true, true, true, true, true, true, true, true, true, true, true, true, 
  true, true, true, true, true, true, true, true, true, true, true, true, 
  true, true, true, true, true, true, true, true, true, true, true, true, 
  true, true, true, true, true, true, true, true, true, true, true 
 ]; ctrl_AxAi:[ true, true, true, true, true, true, true, true, true, true, 
  true, true, true, true, true, true, true, true, true, true, true, true, 
  true, true, true, true, true, true, true, true, true, true, true, true, 
  true, true, true, true, true, true, true, true, true, true, true, true, 
  true, true, true, true, true, true, true, true, true, true, true ]
A6: 53 quotient(s); sheet_BxBi_y:[ true, true, true, true, true, true, true, 
  true, true, true, true, true, true, true, true, true, true, true, true, 
  true, true, true, true, true, true, true, true, true, true, true, true, 
  true, true, true, true, true, true, true, true, true, true, true, true, 
  true, true, true, true, true, true, true, true, true, true ]; BxBi_yi:
[ true, true, true, true, true, true, true, true, true, true, true, true, 
  true, true, true, true, true, true, true, true, true, true, true, true, 
  true, true, true, true, true, true, true, true, true, true, true, true, 
  true, true, true, true, true, true, true, true, true, true, true, true, 
  true, true, true, true, true ]; BixB_y:[ true, true, true, true, true, 
  true, true, true, true, true, true, true, true, true, true, true, true, 
  true, true, true, true, true, true, true, true, true, true, true, true, 
  true, true, true, true, true, true, true, true, true, true, true, true, 
  true, true, true, true, true, true, true, true, true, true, true, true 
 ]; BixB_yi:[ true, true, true, true, true, true, true, true, true, true, 
  true, true, true, true, true, true, true, true, true, true, true, true, 
  true, true, true, true, true, true, true, true, true, true, true, true, 
  true, true, true, true, true, true, true, true, true, true, true, true, 
  true, true, true, true, true, true, true ]; ctrl_ByBi:
[ true, true, true, true, true, true, true, true, true, true, true, true, 
  true, true, true, true, true, true, true, true, true, true, true, true, 
  true, true, true, true, true, true, true, true, true, true, true, true, 
  true, true, true, true, true, true, true, true, true, true, true, true, 
  true, true, true, true, true ]; ctrl_AxAi:[ true, true, true, true, true, 
  true, true, true, true, true, true, true, true, true, true, true, true, 
  true, true, true, true, true, true, true, true, true, true, true, true, 
  true, true, true, true, true, true, true, true, true, true, true, true, 
  true, true, true, true, true, true, true, true, true, true, true, true ]
PSL(2,8): 142 quotient(s); sheet_BxBi_y:[ true, true, true, true, true, true, 
  true, true, true, true, true, true, true, true, true, true, true, true, 
  true, true, true, true, true, true, true, true, true, true, true, true, 
  true, true, true, true, true, true, true, true, true, true, true, true, 
  true, true, true, true, true, true, true, true, true, true, true, true, 
  true, true, true, true, true, true, true, true, true, true, true, true, 
  true, true, true, true, true, true, true, true, true, true, true, true, 
  true, true, true, true, true, true, true, true, true, true, true, true, 
  true, true, true, true, true, true, true, true, true, true, true, true, 
  true, true, true, true, true, true, true, true, true, true, true, true, 
  true, true, true, true, true, true, true, true, true, true, true, true, 
  true, true, true, true, true, true, true, true, true, true, true, true, 
  true, true, true, true ]; BxBi_yi:[ true, true, true, true, true, true, 
  true, true, true, true, true, true, true, true, true, true, true, true, 
  true, true, true, true, true, true, true, true, true, true, true, true, 
  true, true, true, true, true, true, true, true, true, true, true, true, 
  true, true, true, true, true, true, true, true, true, true, true, true, 
  true, true, true, true, true, true, true, true, true, true, true, true, 
  true, true, true, true, true, true, true, true, true, true, true, true, 
  true, true, true, true, true, true, true, true, true, true, true, true, 
  true, true, true, true, true, true, true, true, true, true, true, true, 
  true, true, true, true, true, true, true, true, true, true, true, true, 
  true, true, true, true, true, true, true, true, true, true, true, true, 
  true, true, true, true, true, true, true, true, true, true, true, true, 
  true, true, true, true ]; BixB_y:[ true, true, true, true, true, true, 
  true, true, true, true, true, true, true, true, true, true, true, true, 
  true, true, true, true, true, true, true, true, true, true, true, true, 
  true, true, true, true, true, true, true, true, true, true, true, true, 
  true, true, true, true, true, true, true, true, true, true, true, true, 
  true, true, true, true, true, true, true, true, true, true, true, true, 
  true, true, true, true, true, true, true, true, true, true, true, true, 
  true, true, true, true, true, true, true, true, true, true, true, true, 
  true, true, true, true, true, true, true, true, true, true, true, true, 
  true, true, true, true, true, true, true, true, true, true, true, true, 
  true, true, true, true, true, true, true, true, true, true, true, true, 
  true, true, true, true, true, true, true, true, true, true, true, true, 
  true, true, true, true ]; BixB_yi:[ true, true, true, true, true, true, 
  true, true, true, true, true, true, true, true, true, true, true, true, 
  true, true, true, true, true, true, true, true, true, true, true, true, 
  true, true, true, true, true, true, true, true, true, true, true, true, 
  true, true, true, true, true, true, true, true, true, true, true, true, 
  true, true, true, true, true, true, true, true, true, true, true, true, 
  true, true, true, true, true, true, true, true, true, true, true, true, 
  true, true, true, true, true, true, true, true, true, true, true, true, 
  true, true, true, true, true, true, true, true, true, true, true, true, 
  true, true, true, true, true, true, true, true, true, true, true, true, 
  true, true, true, true, true, true, true, true, true, true, true, true, 
  true, true, true, true, true, true, true, true, true, true, true, true, 
  true, true, true, true ]; ctrl_ByBi:[ true, true, true, true, true, true, 
  true, true, true, true, true, true, true, true, true, true, true, true, 
  true, true, true, true, true, true, true, true, true, true, true, true, 
  true, true, true, true, true, true, true, true, true, true, true, true, 
  true, true, true, true, true, true, true, true, true, true, true, true, 
  true, true, true, true, true, true, true, true, true, true, true, true, 
  true, true, true, true, true, true, true, true, true, true, true, true, 
  true, true, true, true, true, true, true, true, true, true, true, true, 
  true, true, true, true, true, true, true, true, true, true, true, true, 
  true, true, true, true, true, true, true, true, true, true, true, true, 
  true, true, true, true, true, true, true, true, true, true, true, true, 
  true, true, true, true, true, true, true, true, true, true, true, true, 
  true, true, true, true ]; ctrl_AxAi:[ true, true, true, true, true, true, 
  true, true, true, true, true, true, true, true, true, true, true, true, 
  true, true, true, true, true, true, true, true, true, true, true, true, 
  true, true, true, true, true, true, true, true, true, true, true, true, 
  true, true, true, true, true, true, true, true, true, true, true, true, 
  true, true, true, true, true, true, true, true, true, true, true, true, 
  true, true, true, true, true, true, true, true, true, true, true, true, 
  true, true, true, true, true, true, true, true, true, true, true, true, 
  true, true, true, true, true, true, true, true, true, true, true, true, 
  true, true, true, true, true, true, true, true, true, true, true, true, 
  true, true, true, true, true, true, true, true, true, true, true, true, 
  true, true, true, true, true, true, true, true, true, true, true, true, 
  true, true, true, true ]
PSL(2,11): 254 quotient(s); sheet_BxBi_y:[ true, true, true, true, true, 
  true, true, true, true, true, true, true, true, true, true, true, true, 
  true, true, true, true, true, true, true, true, true, true, true, true, 
  true, true, true, true, true, true, true, true, true, true, true, true, 
  true, true, true, true, true, true, true, true, true, true, true, true, 
  true, true, true, true, true, true, true, true, true, true, true, true, 
  true, true, true, true, true, true, true, true, true, true, true, true, 
  true, true, true, true, true, true, true, true, true, true, true, true, 
  true, true, true, true, true, true, true, true, true, true, true, true, 
  true, true, true, true, true, true, true, true, true, true, true, true, 
  true, true, true, true, true, true, true, true, true, true, true, true, 
  true, true, true, true, true, true, true, true, true, true, true, true, 
  true, true, true, true, true, true, true, true, true, true, true, true, 
  true, true, true, true, true, true, true, true, true, true, true, true, 
  true, true, true, true, true, true, true, true, true, true, true, true, 
  true, true, true, true, true, true, true, true, true, true, true, true, 
  true, true, true, true, true, true, true, true, true, true, true, true, 
  true, true, true, true, true, true, true, true, true, true, true, true, 
  true, true, true, true, true, true, true, true, true, true, true, true, 
  true, true, true, true, true, true, true, true, true, true, true, true, 
  true, true, true, true, true, true, true, true, true, true, true, true, 
  true, true, true, true, true, true, true, true, true ]; BxBi_yi:
[ true, true, true, true, true, true, true, true, true, true, true, true, 
  true, true, true, true, true, true, true, true, true, true, true, true, 
  true, true, true, true, true, true, true, true, true, true, true, true, 
  true, true, true, true, true, true, true, true, true, true, true, true, 
  true, true, true, true, true, true, true, true, true, true, true, true, 
  true, true, true, true, true, true, true, true, true, true, true, true, 
  true, true, true, true, true, true, true, true, true, true, true, true, 
  true, true, true, true, true, true, true, true, true, true, true, true, 
  true, true, true, true, true, true, true, true, true, true, true, true, 
  true, true, true, true, true, true, true, true, true, true, true, true, 
  true, true, true, true, true, true, true, true, true, true, true, true, 
  true, true, true, true, true, true, true, true, true, true, true, true, 
  true, true, true, true, true, true, true, true, true, true, true, true, 
  true, true, true, true, true, true, true, true, true, true, true, true, 
  true, true, true, true, true, true, true, true, true, true, true, true, 
  true, true, true, true, true, true, true, true, true, true, true, true, 
  true, true, true, true, true, true, true, true, true, true, true, true, 
  true, true, true, true, true, true, true, true, true, true, true, true, 
  true, true, true, true, true, true, true, true, true, true, true, true, 
  true, true, true, true, true, true, true, true, true, true, true, true, 
  true, true, true, true, true, true, true, true, true, true, true, true, 
  true, true ]; BixB_y:[ true, true, true, true, true, true, true, true, 
  true, true, true, true, true, true, true, true, true, true, true, true, 
  true, true, true, true, true, true, true, true, true, true, true, true, 
  true, true, true, true, true, true, true, true, true, true, true, true, 
  true, true, true, true, true, true, true, true, true, true, true, true, 
  true, true, true, true, true, true, true, true, true, true, true, true, 
  true, true, true, true, true, true, true, true, true, true, true, true, 
  true, true, true, true, true, true, true, true, true, true, true, true, 
  true, true, true, true, true, true, true, true, true, true, true, true, 
  true, true, true, true, true, true, true, true, true, true, true, true, 
  true, true, true, true, true, true, true, true, true, true, true, true, 
  true, true, true, true, true, true, true, true, true, true, true, true, 
  true, true, true, true, true, true, true, true, true, true, true, true, 
  true, true, true, true, true, true, true, true, true, true, true, true, 
  true, true, true, true, true, true, true, true, true, true, true, true, 
  true, true, true, true, true, true, true, true, true, true, true, true, 
  true, true, true, true, true, true, true, true, true, true, true, true, 
  true, true, true, true, true, true, true, true, true, true, true, true, 
  true, true, true, true, true, true, true, true, true, true, true, true, 
  true, true, true, true, true, true, true, true, true, true, true, true, 
  true, true, true, true, true, true, true, true, true, true, true, true, 
  true, true, true, true, true, true ]; BixB_yi:
[ true, true, true, true, true, true, true, true, true, true, true, true, 
  true, true, true, true, true, true, true, true, true, true, true, true, 
  true, true, true, true, true, true, true, true, true, true, true, true, 
  true, true, true, true, true, true, true, true, true, true, true, true, 
  true, true, true, true, true, true, true, true, true, true, true, true, 
  true, true, true, true, true, true, true, true, true, true, true, true, 
  true, true, true, true, true, true, true, true, true, true, true, true, 
  true, true, true, true, true, true, true, true, true, true, true, true, 
  true, true, true, true, true, true, true, true, true, true, true, true, 
  true, true, true, true, true, true, true, true, true, true, true, true, 
  true, true, true, true, true, true, true, true, true, true, true, true, 
  true, true, true, true, true, true, true, true, true, true, true, true, 
  true, true, true, true, true, true, true, true, true, true, true, true, 
  true, true, true, true, true, true, true, true, true, true, true, true, 
  true, true, true, true, true, true, true, true, true, true, true, true, 
  true, true, true, true, true, true, true, true, true, true, true, true, 
  true, true, true, true, true, true, true, true, true, true, true, true, 
  true, true, true, true, true, true, true, true, true, true, true, true, 
  true, true, true, true, true, true, true, true, true, true, true, true, 
  true, true, true, true, true, true, true, true, true, true, true, true, 
  true, true, true, true, true, true, true, true, true, true, true, true, 
  true, true ]; ctrl_ByBi:[ true, true, true, true, true, true, true, true, 
  true, true, true, true, true, true, true, true, true, true, true, true, 
  true, true, true, true, true, true, true, true, true, true, true, true, 
  true, true, true, true, true, true, true, true, true, true, true, true, 
  true, true, true, true, true, true, true, true, true, true, true, true, 
  true, true, true, true, true, true, true, true, true, true, true, true, 
  true, true, true, true, true, true, true, true, true, true, true, true, 
  true, true, true, true, true, true, true, true, true, true, true, true, 
  true, true, true, true, true, true, true, true, true, true, true, true, 
  true, true, true, true, true, true, true, true, true, true, true, true, 
  true, true, true, true, true, true, true, true, true, true, true, true, 
  true, true, true, true, true, true, true, true, true, true, true, true, 
  true, true, true, true, true, true, true, true, true, true, true, true, 
  true, true, true, true, true, true, true, true, true, true, true, true, 
  true, true, true, true, true, true, true, true, true, true, true, true, 
  true, true, true, true, true, true, true, true, true, true, true, true, 
  true, true, true, true, true, true, true, true, true, true, true, true, 
  true, true, true, true, true, true, true, true, true, true, true, true, 
  true, true, true, true, true, true, true, true, true, true, true, true, 
  true, true, true, true, true, true, true, true, true, true, true, true, 
  true, true, true, true, true, true, true, true, true, true, true, true, 
  true, true, true, true, true, true ]; ctrl_AxAi:
[ true, true, true, true, true, true, true, true, true, true, true, true, 
  true, true, true, true, true, true, true, true, true, true, true, true, 
  true, true, true, true, true, true, true, true, true, true, true, true, 
  true, true, true, true, true, true, true, true, true, true, true, true, 
  true, true, true, true, true, true, true, true, true, true, true, true, 
  true, true, true, true, true, true, true, true, true, true, true, true, 
  true, true, true, true, true, true, true, true, true, true, true, true, 
  true, true, true, true, true, true, true, true, true, true, true, true, 
  true, true, true, true, true, true, true, true, true, true, true, true, 
  true, true, true, true, true, true, true, true, true, true, true, true, 
  true, true, true, true, true, true, true, true, true, true, true, true, 
  true, true, true, true, true, true, true, true, true, true, true, true, 
  true, true, true, true, true, true, true, true, true, true, true, true, 
  true, true, true, true, true, true, true, true, true, true, true, true, 
  true, true, true, true, true, true, true, true, true, true, true, true, 
  true, true, true, true, true, true, true, true, true, true, true, true, 
  true, true, true, true, true, true, true, true, true, true, true, true, 
  true, true, true, true, true, true, true, true, true, true, true, true, 
  true, true, true, true, true, true, true, true, true, true, true, true, 
  true, true, true, true, true, true, true, true, true, true, true, true, 
  true, true, true, true, true, true, true, true, true, true, true, true, 
  true, true ]
PSL(2,13): 495 quotient(s); sheet_BxBi_y:[ true, true, true, true, true, 
  true, true, true, true, true, true, true, true, true, true, true, true, 
  true, true, true, true, true, true, true, true, true, true, true, true, 
  true, true, true, true, true, true, true, true, true, true, true, true, 
  true, true, true, true, true, true, true, true, true, true, true, true, 
  true, true, true, true, true, true, true, true, true, true, true, true, 
  true, true, true, true, true, true, true, true, true, true, true, true, 
  true, true, true, true, true, true, true, true, true, true, true, true, 
  true, true, true, true, true, true, true, true, true, true, true, true, 
  true, true, true, true, true, true, true, true, true, true, true, true, 
  true, true, true, true, true, true, true, true, true, true, true, true, 
  true, true, true, true, true, true, true, true, true, true, true, true, 
  true, true, true, true, true, true, true, true, true, true, true, true, 
  true, true, true, true, true, true, true, true, true, true, true, true, 
  true, true, true, true, true, true, true, true, true, true, true, true, 
  true, true, true, true, true, true, true, true, true, true, true, true, 
  true, true, true, true, true, true, true, true, true, true, true, true, 
  true, true, true, true, true, true, true, true, true, true, true, true, 
  true, true, true, true, true, true, true, true, true, true, true, true, 
  true, true, true, true, true, true, true, true, true, true, true, true, 
  true, true, true, true, true, true, true, true, true, true, true, true, 
  true, true, true, true, true, true, true, true, true, true, true, true, 
  true, true, true, true, true, true, true, true, true, true, true, true, 
  true, true, true, true, true, true, true, true, true, true, true, true, 
  true, true, true, true, true, true, true, true, true, true, true, true, 
  true, true, true, true, true, true, true, true, true, true, true, true, 
  true, true, true, true, true, true, true, true, true, true, true, true, 
  true, true, true, true, true, true, true, true, true, true, true, true, 
  true, true, true, true, true, true, true, true, true, true, true, true, 
  true, true, true, true, true, true, true, true, true, true, true, true, 
  true, true, true, true, true, true, true, true, true, true, true, true, 
  true, true, true, true, true, true, true, true, true, true, true, true, 
  true, true, true, true, true, true, true, true, true, true, true, true, 
  true, true, true, true, true, true, true, true, true, true, true, true, 
  true, true, true, true, true, true, true, true, true, true, true, true, 
  true, true, true, true, true, true, true, true, true, true, true, true, 
  true, true, true, true, true, true, true, true, true, true, true, true, 
  true, true, true, true, true, true, true, true, true, true, true, true, 
  true, true, true, true, true, true, true, true, true, true, true, true, 
  true, true, true, true, true, true, true, true, true, true, true, true, 
  true, true, true, true, true, true, true, true, true, true, true, true, 
  true, true, true, true, true, true, true, true, true, true ]; BxBi_yi:
[ true, true, true, true, true, true, true, true, true, true, true, true, 
  true, true, true, true, true, true, true, true, true, true, true, true, 
  true, true, true, true, true, true, true, true, true, true, true, true, 
  true, true, true, true, true, true, true, true, true, true, true, true, 
  true, true, true, true, true, true, true, true, true, true, true, true, 
  true, true, true, true, true, true, true, true, true, true, true, true, 
  true, true, true, true, true, true, true, true, true, true, true, true, 
  true, true, true, true, true, true, true, true, true, true, true, true, 
  true, true, true, true, true, true, true, true, true, true, true, true, 
  true, true, true, true, true, true, true, true, true, true, true, true, 
  true, true, true, true, true, true, true, true, true, true, true, true, 
  true, true, true, true, true, true, true, true, true, true, true, true, 
  true, true, true, true, true, true, true, true, true, true, true, true, 
  true, true, true, true, true, true, true, true, true, true, true, true, 
  true, true, true, true, true, true, true, true, true, true, true, true, 
  true, true, true, true, true, true, true, true, true, true, true, true, 
  true, true, true, true, true, true, true, true, true, true, true, true, 
  true, true, true, true, true, true, true, true, true, true, true, true, 
  true, true, true, true, true, true, true, true, true, true, true, true, 
  true, true, true, true, true, true, true, true, true, true, true, true, 
  true, true, true, true, true, true, true, true, true, true, true, true, 
  true, true, true, true, true, true, true, true, true, true, true, true, 
  true, true, true, true, true, true, true, true, true, true, true, true, 
  true, true, true, true, true, true, true, true, true, true, true, true, 
  true, true, true, true, true, true, true, true, true, true, true, true, 
  true, true, true, true, true, true, true, true, true, true, true, true, 
  true, true, true, true, true, true, true, true, true, true, true, true, 
  true, true, true, true, true, true, true, true, true, true, true, true, 
  true, true, true, true, true, true, true, true, true, true, true, true, 
  true, true, true, true, true, true, true, true, true, true, true, true, 
  true, true, true, true, true, true, true, true, true, true, true, true, 
  true, true, true, true, true, true, true, true, true, true, true, true, 
  true, true, true, true, true, true, true, true, true, true, true, true, 
  true, true, true, true, true, true, true, true, true, true, true, true, 
  true, true, true, true, true, true, true, true, true, true, true, true, 
  true, true, true, true, true, true, true, true, true, true, true, true, 
  true, true, true, true, true, true, true, true, true, true, true, true, 
  true, true, true, true, true, true, true, true, true, true, true, true, 
  true, true, true, true, true, true, true, true, true, true, true, true, 
  true, true, true, true, true, true, true, true, true, true, true, true, 
  true, true, true, true, true, true, true, true, true, true, true, true, 
  true, true, true ]; BixB_y:[ true, true, true, true, true, true, true, 
  true, true, true, true, true, true, true, true, true, true, true, true, 
  true, true, true, true, true, true, true, true, true, true, true, true, 
  true, true, true, true, true, true, true, true, true, true, true, true, 
  true, true, true, true, true, true, true, true, true, true, true, true, 
  true, true, true, true, true, true, true, true, true, true, true, true, 
  true, true, true, true, true, true, true, true, true, true, true, true, 
  true, true, true, true, true, true, true, true, true, true, true, true, 
  true, true, true, true, true, true, true, true, true, true, true, true, 
  true, true, true, true, true, true, true, true, true, true, true, true, 
  true, true, true, true, true, true, true, true, true, true, true, true, 
  true, true, true, true, true, true, true, true, true, true, true, true, 
  true, true, true, true, true, true, true, true, true, true, true, true, 
  true, true, true, true, true, true, true, true, true, true, true, true, 
  true, true, true, true, true, true, true, true, true, true, true, true, 
  true, true, true, true, true, true, true, true, true, true, true, true, 
  true, true, true, true, true, true, true, true, true, true, true, true, 
  true, true, true, true, true, true, true, true, true, true, true, true, 
  true, true, true, true, true, true, true, true, true, true, true, true, 
  true, true, true, true, true, true, true, true, true, true, true, true, 
  true, true, true, true, true, true, true, true, true, true, true, true, 
  true, true, true, true, true, true, true, true, true, true, true, true, 
  true, true, true, true, true, true, true, true, true, true, true, true, 
  true, true, true, true, true, true, true, true, true, true, true, true, 
  true, true, true, true, true, true, true, true, true, true, true, true, 
  true, true, true, true, true, true, true, true, true, true, true, true, 
  true, true, true, true, true, true, true, true, true, true, true, true, 
  true, true, true, true, true, true, true, true, true, true, true, true, 
  true, true, true, true, true, true, true, true, true, true, true, true, 
  true, true, true, true, true, true, true, true, true, true, true, true, 
  true, true, true, true, true, true, true, true, true, true, true, true, 
  true, true, true, true, true, true, true, true, true, true, true, true, 
  true, true, true, true, true, true, true, true, true, true, true, true, 
  true, true, true, true, true, true, true, true, true, true, true, true, 
  true, true, true, true, true, true, true, true, true, true, true, true, 
  true, true, true, true, true, true, true, true, true, true, true, true, 
  true, true, true, true, true, true, true, true, true, true, true, true, 
  true, true, true, true, true, true, true, true, true, true, true, true, 
  true, true, true, true, true, true, true, true, true, true, true, true, 
  true, true, true, true, true, true, true, true, true, true, true, true, 
  true, true, true, true, true, true, true, true, true, true, true, true, 
  true, true, true, true, true, true, true, true ]; BixB_yi:
[ true, true, true, true, true, true, true, true, true, true, true, true, 
  true, true, true, true, true, true, true, true, true, true, true, true, 
  true, true, true, true, true, true, true, true, true, true, true, true, 
  true, true, true, true, true, true, true, true, true, true, true, true, 
  true, true, true, true, true, true, true, true, true, true, true, true, 
  true, true, true, true, true, true, true, true, true, true, true, true, 
  true, true, true, true, true, true, true, true, true, true, true, true, 
  true, true, true, true, true, true, true, true, true, true, true, true, 
  true, true, true, true, true, true, true, true, true, true, true, true, 
  true, true, true, true, true, true, true, true, true, true, true, true, 
  true, true, true, true, true, true, true, true, true, true, true, true, 
  true, true, true, true, true, true, true, true, true, true, true, true, 
  true, true, true, true, true, true, true, true, true, true, true, true, 
  true, true, true, true, true, true, true, true, true, true, true, true, 
  true, true, true, true, true, true, true, true, true, true, true, true, 
  true, true, true, true, true, true, true, true, true, true, true, true, 
  true, true, true, true, true, true, true, true, true, true, true, true, 
  true, true, true, true, true, true, true, true, true, true, true, true, 
  true, true, true, true, true, true, true, true, true, true, true, true, 
  true, true, true, true, true, true, true, true, true, true, true, true, 
  true, true, true, true, true, true, true, true, true, true, true, true, 
  true, true, true, true, true, true, true, true, true, true, true, true, 
  true, true, true, true, true, true, true, true, true, true, true, true, 
  true, true, true, true, true, true, true, true, true, true, true, true, 
  true, true, true, true, true, true, true, true, true, true, true, true, 
  true, true, true, true, true, true, true, true, true, true, true, true, 
  true, true, true, true, true, true, true, true, true, true, true, true, 
  true, true, true, true, true, true, true, true, true, true, true, true, 
  true, true, true, true, true, true, true, true, true, true, true, true, 
  true, true, true, true, true, true, true, true, true, true, true, true, 
  true, true, true, true, true, true, true, true, true, true, true, true, 
  true, true, true, true, true, true, true, true, true, true, true, true, 
  true, true, true, true, true, true, true, true, true, true, true, true, 
  true, true, true, true, true, true, true, true, true, true, true, true, 
  true, true, true, true, true, true, true, true, true, true, true, true, 
  true, true, true, true, true, true, true, true, true, true, true, true, 
  true, true, true, true, true, true, true, true, true, true, true, true, 
  true, true, true, true, true, true, true, true, true, true, true, true, 
  true, true, true, true, true, true, true, true, true, true, true, true, 
  true, true, true, true, true, true, true, true, true, true, true, true, 
  true, true, true, true, true, true, true, true, true, true, true, true, 
  true, true, true ]; ctrl_ByBi:[ true, true, true, true, true, true, true, 
  true, true, true, true, true, true, true, true, true, true, true, true, 
  true, true, true, true, true, true, true, true, true, true, true, true, 
  true, true, true, true, true, true, true, true, true, true, true, true, 
  true, true, true, true, true, true, true, true, true, true, true, true, 
  true, true, true, true, true, true, true, true, true, true, true, true, 
  true, true, true, true, true, true, true, true, true, true, true, true, 
  true, true, true, true, true, true, true, true, true, true, true, true, 
  true, true, true, true, true, true, true, true, true, true, true, true, 
  true, true, true, true, true, true, true, true, true, true, true, true, 
  true, true, true, true, true, true, true, true, true, true, true, true, 
  true, true, true, true, true, true, true, true, true, true, true, true, 
  true, true, true, true, true, true, true, true, true, true, true, true, 
  true, true, true, true, true, true, true, true, true, true, true, true, 
  true, true, true, true, true, true, true, true, true, true, true, true, 
  true, true, true, true, true, true, true, true, true, true, true, true, 
  true, true, true, true, true, true, true, true, true, true, true, true, 
  true, true, true, true, true, true, true, true, true, true, true, true, 
  true, true, true, true, true, true, true, true, true, true, true, true, 
  true, true, true, true, true, true, true, true, true, true, true, true, 
  true, true, true, true, true, true, true, true, true, true, true, true, 
  true, true, true, true, true, true, true, true, true, true, true, true, 
  true, true, true, true, true, true, true, true, true, true, true, true, 
  true, true, true, true, true, true, true, true, true, true, true, true, 
  true, true, true, true, true, true, true, true, true, true, true, true, 
  true, true, true, true, true, true, true, true, true, true, true, true, 
  true, true, true, true, true, true, true, true, true, true, true, true, 
  true, true, true, true, true, true, true, true, true, true, true, true, 
  true, true, true, true, true, true, true, true, true, true, true, true, 
  true, true, true, true, true, true, true, true, true, true, true, true, 
  true, true, true, true, true, true, true, true, true, true, true, true, 
  true, true, true, true, true, true, true, true, true, true, true, true, 
  true, true, true, true, true, true, true, true, true, true, true, true, 
  true, true, true, true, true, true, true, true, true, true, true, true, 
  true, true, true, true, true, true, true, true, true, true, true, true, 
  true, true, true, true, true, true, true, true, true, true, true, true, 
  true, true, true, true, true, true, true, true, true, true, true, true, 
  true, true, true, true, true, true, true, true, true, true, true, true, 
  true, true, true, true, true, true, true, true, true, true, true, true, 
  true, true, true, true, true, true, true, true, true, true, true, true, 
  true, true, true, true, true, true, true, true, true, true, true, true, 
  true, true, true, true, true, true, true, true ]; ctrl_AxAi:
[ true, true, true, true, true, true, true, true, true, true, true, true, 
  true, true, true, true, true, true, true, true, true, true, true, true, 
  true, true, true, true, true, true, true, true, true, true, true, true, 
  true, true, true, true, true, true, true, true, true, true, true, true, 
  true, true, true, true, true, true, true, true, true, true, true, true, 
  true, true, true, true, true, true, true, true, true, true, true, true, 
  true, true, true, true, true, true, true, true, true, true, true, true, 
  true, true, true, true, true, true, true, true, true, true, true, true, 
  true, true, true, true, true, true, true, true, true, true, true, true, 
  true, true, true, true, true, true, true, true, true, true, true, true, 
  true, true, true, true, true, true, true, true, true, true, true, true, 
  true, true, true, true, true, true, true, true, true, true, true, true, 
  true, true, true, true, true, true, true, true, true, true, true, true, 
  true, true, true, true, true, true, true, true, true, true, true, true, 
  true, true, true, true, true, true, true, true, true, true, true, true, 
  true, true, true, true, true, true, true, true, true, true, true, true, 
  true, true, true, true, true, true, true, true, true, true, true, true, 
  true, true, true, true, true, true, true, true, true, true, true, true, 
  true, true, true, true, true, true, true, true, true, true, true, true, 
  true, true, true, true, true, true, true, true, true, true, true, true, 
  true, true, true, true, true, true, true, true, true, true, true, true, 
  true, true, true, true, true, true, true, true, true, true, true, true, 
  true, true, true, true, true, true, true, true, true, true, true, true, 
  true, true, true, true, true, true, true, true, true, true, true, true, 
  true, true, true, true, true, true, true, true, true, true, true, true, 
  true, true, true, true, true, true, true, true, true, true, true, true, 
  true, true, true, true, true, true, true, true, true, true, true, true, 
  true, true, true, true, true, true, true, true, true, true, true, true, 
  true, true, true, true, true, true, true, true, true, true, true, true, 
  true, true, true, true, true, true, true, true, true, true, true, true, 
  true, true, true, true, true, true, true, true, true, true, true, true, 
  true, true, true, true, true, true, true, true, true, true, true, true, 
  true, true, true, true, true, true, true, true, true, true, true, true, 
  true, true, true, true, true, true, true, true, true, true, true, true, 
  true, true, true, true, true, true, true, true, true, true, true, true, 
  true, true, true, true, true, true, true, true, true, true, true, true, 
  true, true, true, true, true, true, true, true, true, true, true, true, 
  true, true, true, true, true, true, true, true, true, true, true, true, 
  true, true, true, true, true, true, true, true, true, true, true, true, 
  true, true, true, true, true, true, true, true, true, true, true, true, 
  true, true, true, true, true, true, true, true, true, true, true, true, 
  true, true, true ]
A7: 917 quotient(s); sheet_BxBi_y:[ true, true, true, true, true, true, true, 
  true, true, true, true, true, true, true, true, true, true, true, true, 
  true, true, true, true, true, true, true, true, true, true, true, true, 
  true, true, true, true, true, true, true, true, true, true, true, true, 
  true, true, true, true, true, true, true, true, true, true, true, true, 
  true, true, true, true, true, true, true, true, true, true, true, true, 
  true, true, true, true, true, true, true, true, true, true, true, true, 
  true, true, true, true, true, true, true, true, true, true, true, true, 
  true, true, true, true, true, true, true, true, true, true, true, true, 
  true, true, true, true, true, true, true, true, true, true, true, true, 
  true, true, true, true, true, true, true, true, true, true, true, true, 
  true, true, true, true, true, true, true, true, true, true, true, true, 
  true, true, true, true, true, true, true, true, true, true, true, true, 
  true, true, true, true, true, true, true, true, true, true, true, true, 
  true, true, true, true, true, true, true, true, true, true, true, true, 
  true, true, true, true, true, true, true, true, true, true, true, true, 
  true, true, true, true, true, true, true, true, true, true, true, true, 
  true, true, true, true, true, true, true, true, true, true, true, true, 
  true, true, true, true, true, true, true, true, true, true, true, true, 
  true, true, true, true, true, true, true, true, true, true, true, true, 
  true, true, true, true, true, true, true, true, true, true, true, true, 
  true, true, true, true, true, true, true, true, true, true, true, true, 
  true, true, true, true, true, true, true, true, true, true, true, true, 
  true, true, true, true, true, true, true, true, true, true, true, true, 
  true, true, true, true, true, true, true, true, true, true, true, true, 
  true, true, true, true, true, true, true, true, true, true, true, true, 
  true, true, true, true, true, true, true, true, true, true, true, true, 
  true, true, true, true, true, true, true, true, true, true, true, true, 
  true, true, true, true, true, true, true, true, true, true, true, true, 
  true, true, true, true, true, true, true, true, true, true, true, true, 
  true, true, true, true, true, true, true, true, true, true, true, true, 
  true, true, true, true, true, true, true, true, true, true, true, true, 
  true, true, true, true, true, true, true, true, true, true, true, true, 
  true, true, true, true, true, true, true, true, true, true, true, true, 
  true, true, true, true, true, true, true, true, true, true, true, true, 
  true, true, true, true, true, true, true, true, true, true, true, true, 
  true, true, true, true, true, true, true, true, true, true, true, true, 
  true, true, true, true, true, true, true, true, true, true, true, true, 
  true, true, true, true, true, true, true, true, true, true, true, true, 
  true, true, true, true, true, true, true, true, true, true, true, true, 
  true, true, true, true, true, true, true, true, true, true, true, true, 
  true, true, true, true, true, true, true, true, true, true, true, true, 
  true, true, true, true, true, true, true, true, true, true, true, true, 
  true, true, true, true, true, true, true, true, true, true, true, true, 
  true, true, true, true, true, true, true, true, true, true, true, true, 
  true, true, true, true, true, true, true, true, true, true, true, true, 
  true, true, true, true, true, true, true, true, true, true, true, true, 
  true, true, true, true, true, true, true, true, true, true, true, true, 
  true, true, true, true, true, true, true, true, true, true, true, true, 
  true, true, true, true, true, true, true, true, true, true, true, true, 
  true, true, true, true, true, true, true, true, true, true, true, true, 
  true, true, true, true, true, true, true, true, true, true, true, true, 
  true, true, true, true, true, true, true, true, true, true, true, true, 
  true, true, true, true, true, true, true, true, true, true, true, true, 
  true, true, true, true, true, true, true, true, true, true, true, true, 
  true, true, true, true, true, true, true, true, true, true, true, true, 
  true, true, true, true, true, true, true, true, true, true, true, true, 
  true, true, true, true, true, true, true, true, true, true, true, true, 
  true, true, true, true, true, true, true, true, true, true, true, true, 
  true, true, true, true, true, true, true, true, true, true, true, true, 
  true, true, true, true, true, true, true, true, true, true, true, true, 
  true, true, true, true, true, true, true, true, true, true, true, true, 
  true, true, true, true, true, true, true, true, true, true, true, true, 
  true, true, true, true, true, true, true, true, true, true, true, true, 
  true, true, true, true, true, true, true, true, true, true, true, true, 
  true, true, true, true, true, true, true, true, true, true, true, true, 
  true, true, true, true, true, true, true, true, true, true, true, true, 
  true, true, true, true, true, true, true, true, true, true, true, true, 
  true, true, true, true, true, true, true, true, true, true, true, true, 
  true, true, true, true, true, true, true, true, true, true, true, true, 
  true, true, true, true, true, true, true, true, true, true, true, true, 
  true, true, true, true, true, true, true, true, true, true, true, true, 
  true, true, true, true, true, true, true, true, true, true, true, true, 
  true, true, true, true, true, true, true, true, true, true, true, true, 
  true, true, true, true, true, true, true, true, true, true, true, true, 
  true, true, true, true, true, true, true, true, true, true, true, true, 
  true, true, true, true, true, true, true, true, true, true ]; BxBi_yi:
[ true, true, true, true, true, true, true, true, true, true, true, true, 
  true, true, true, true, true, true, true, true, true, true, true, true, 
  true, true, true, true, true, true, true, true, true, true, true, true, 
  true, true, true, true, true, true, true, true, true, true, true, true, 
  true, true, true, true, true, true, true, true, true, true, true, true, 
  true, true, true, true, true, true, true, true, true, true, true, true, 
  true, true, true, true, true, true, true, true, true, true, true, true, 
  true, true, true, true, true, true, true, true, true, true, true, true, 
  true, true, true, true, true, true, true, true, true, true, true, true, 
  true, true, true, true, true, true, true, true, true, true, true, true, 
  true, true, true, true, true, true, true, true, true, true, true, true, 
  true, true, true, true, true, true, true, true, true, true, true, true, 
  true, true, true, true, true, true, true, true, true, true, true, true, 
  true, true, true, true, true, true, true, true, true, true, true, true, 
  true, true, true, true, true, true, true, true, true, true, true, true, 
  true, true, true, true, true, true, true, true, true, true, true, true, 
  true, true, true, true, true, true, true, true, true, true, true, true, 
  true, true, true, true, true, true, true, true, true, true, true, true, 
  true, true, true, true, true, true, true, true, true, true, true, true, 
  true, true, true, true, true, true, true, true, true, true, true, true, 
  true, true, true, true, true, true, true, true, true, true, true, true, 
  true, true, true, true, true, true, true, true, true, true, true, true, 
  true, true, true, true, true, true, true, true, true, true, true, true, 
  true, true, true, true, true, true, true, true, true, true, true, true, 
  true, true, true, true, true, true, true, true, true, true, true, true, 
  true, true, true, true, true, true, true, true, true, true, true, true, 
  true, true, true, true, true, true, true, true, true, true, true, true, 
  true, true, true, true, true, true, true, true, true, true, true, true, 
  true, true, true, true, true, true, true, true, true, true, true, true, 
  true, true, true, true, true, true, true, true, true, true, true, true, 
  true, true, true, true, true, true, true, true, true, true, true, true, 
  true, true, true, true, true, true, true, true, true, true, true, true, 
  true, true, true, true, true, true, true, true, true, true, true, true, 
  true, true, true, true, true, true, true, true, true, true, true, true, 
  true, true, true, true, true, true, true, true, true, true, true, true, 
  true, true, true, true, true, true, true, true, true, true, true, true, 
  true, true, true, true, true, true, true, true, true, true, true, true, 
  true, true, true, true, true, true, true, true, true, true, true, true, 
  true, true, true, true, true, true, true, true, true, true, true, true, 
  true, true, true, true, true, true, true, true, true, true, true, true, 
  true, true, true, true, true, true, true, true, true, true, true, true, 
  true, true, true, true, true, true, true, true, true, true, true, true, 
  true, true, true, true, true, true, true, true, true, true, true, true, 
  true, true, true, true, true, true, true, true, true, true, true, true, 
  true, true, true, true, true, true, true, true, true, true, true, true, 
  true, true, true, true, true, true, true, true, true, true, true, true, 
  true, true, true, true, true, true, true, true, true, true, true, true, 
  true, true, true, true, true, true, true, true, true, true, true, true, 
  true, true, true, true, true, true, true, true, true, true, true, true, 
  true, true, true, true, true, true, true, true, true, true, true, true, 
  true, true, true, true, true, true, true, true, true, true, true, true, 
  true, true, true, true, true, true, true, true, true, true, true, true, 
  true, true, true, true, true, true, true, true, true, true, true, true, 
  true, true, true, true, true, true, true, true, true, true, true, true, 
  true, true, true, true, true, true, true, true, true, true, true, true, 
  true, true, true, true, true, true, true, true, true, true, true, true, 
  true, true, true, true, true, true, true, true, true, true, true, true, 
  true, true, true, true, true, true, true, true, true, true, true, true, 
  true, true, true, true, true, true, true, true, true, true, true, true, 
  true, true, true, true, true, true, true, true, true, true, true, true, 
  true, true, true, true, true, true, true, true, true, true, true, true, 
  true, true, true, true, true, true, true, true, true, true, true, true, 
  true, true, true, true, true, true, true, true, true, true, true, true, 
  true, true, true, true, true, true, true, true, true, true, true, true, 
  true, true, true, true, true, true, true, true, true, true, true, true, 
  true, true, true, true, true, true, true, true, true, true, true, true, 
  true, true, true, true, true, true, true, true, true, true, true, true, 
  true, true, true, true, true, true, true, true, true, true, true, true, 
  true, true, true, true, true, true, true, true, true, true, true, true, 
  true, true, true, true, true, true, true, true, true, true, true, true, 
  true, true, true, true, true, true, true, true, true, true, true, true, 
  true, true, true, true, true, true, true, true, true, true, true, true, 
  true, true, true, true, true, true, true, true, true, true, true, true, 
  true, true, true, true, true, true, true, true, true, true, true, true, 
  true, true, true, true, true, true, true, true, true, true, true, true, 
  true, true, true, true, true, true, true, true, true, true, true, true, 
  true, true, true, true, true ]; BixB_y:[ true, true, true, true, true, 
  true, true, true, true, true, true, true, true, true, true, true, true, 
  true, true, true, true, true, true, true, true, true, true, true, true, 
  true, true, true, true, true, true, true, true, true, true, true, true, 
  true, true, true, true, true, true, true, true, true, true, true, true, 
  true, true, true, true, true, true, true, true, true, true, true, true, 
  true, true, true, true, true, true, true, true, true, true, true, true, 
  true, true, true, true, true, true, true, true, true, true, true, true, 
  true, true, true, true, true, true, true, true, true, true, true, true, 
  true, true, true, true, true, true, true, true, true, true, true, true, 
  true, true, true, true, true, true, true, true, true, true, true, true, 
  true, true, true, true, true, true, true, true, true, true, true, true, 
  true, true, true, true, true, true, true, true, true, true, true, true, 
  true, true, true, true, true, true, true, true, true, true, true, true, 
  true, true, true, true, true, true, true, true, true, true, true, true, 
  true, true, true, true, true, true, true, true, true, true, true, true, 
  true, true, true, true, true, true, true, true, true, true, true, true, 
  true, true, true, true, true, true, true, true, true, true, true, true, 
  true, true, true, true, true, true, true, true, true, true, true, true, 
  true, true, true, true, true, true, true, false, true, true, true, true, 
  true, true, true, true, true, true, true, true, true, true, true, true, 
  true, true, true, true, true, true, true, true, true, true, true, true, 
  true, true, true, true, true, true, true, true, true, true, true, true, 
  true, true, true, true, true, true, true, true, true, true, true, true, 
  true, true, true, true, true, true, true, true, true, true, true, true, 
  true, true, true, true, true, true, true, true, true, true, true, true, 
  true, true, true, true, true, true, true, true, true, true, true, true, 
  true, true, true, true, true, true, true, true, true, true, true, true, 
  true, true, true, true, true, true, true, true, true, true, true, true, 
  true, true, true, true, true, true, true, true, true, true, true, true, 
  true, true, true, true, true, true, true, true, true, true, true, true, 
  true, true, true, true, true, true, true, true, true, true, true, true, 
  true, true, true, true, true, true, true, true, true, true, true, true, 
  true, true, true, true, true, true, true, true, true, true, true, true, 
  true, true, true, true, true, true, true, true, true, true, true, true, 
  true, true, true, true, true, true, true, true, true, true, true, true, 
  true, true, true, true, true, true, true, true, true, true, true, true, 
  true, true, true, true, true, true, true, true, true, true, true, true, 
  true, true, true, true, true, true, true, true, true, true, true, true, 
  true, true, true, true, true, true, true, true, true, true, true, true, 
  true, true, true, true, true, true, true, true, true, true, true, true, 
  true, true, true, true, true, true, true, true, true, true, true, true, 
  true, true, true, true, true, true, true, true, true, true, true, true, 
  true, true, true, true, true, true, true, true, true, true, true, true, 
  true, true, true, true, true, true, true, true, true, true, true, true, 
  true, true, true, true, true, true, true, true, true, true, true, true, 
  true, true, true, true, true, true, true, true, true, true, true, true, 
  true, true, true, true, true, true, true, true, true, true, true, true, 
  true, true, true, true, true, true, true, true, true, true, true, true, 
  true, true, true, true, true, true, true, true, true, true, true, true, 
  true, true, true, true, true, true, true, true, true, true, true, true, 
  true, true, true, true, true, true, true, true, true, true, true, true, 
  true, true, true, true, true, true, true, true, true, true, true, true, 
  true, true, true, true, true, true, true, true, true, true, true, true, 
  true, true, true, true, true, true, true, true, true, true, true, true, 
  true, true, true, true, true, true, true, true, true, true, true, true, 
  true, true, true, true, true, true, true, true, true, true, true, true, 
  true, true, true, true, true, true, true, true, true, true, true, true, 
  true, true, true, true, true, true, true, true, true, true, true, true, 
  true, true, true, true, true, true, true, true, true, true, true, true, 
  true, true, true, true, true, true, true, true, true, true, true, true, 
  true, true, true, true, true, true, true, true, true, true, true, true, 
  true, true, true, true, true, true, true, true, true, true, true, true, 
  true, true, true, true, true, true, true, true, true, true, true, true, 
  true, true, true, true, true, true, true, true, true, true, true, true, 
  true, true, true, true, true, true, true, true, true, true, true, true, 
  true, true, true, true, true, true, true, true, true, true, true, true, 
  true, true, true, true, true, true, true, true, true, true, true, true, 
  true, true, true, true, true, true, true, true, true, true, true, true, 
  true, true, true, true, true, true, true, true, true, true, true, true, 
  true, true, true, true, true, true, true, true, true, true, true, true, 
  true, true, true, true, true, true, true, true, true, true, true, true, 
  true, true, true, true, true, true, true, true, true, true, true, true, 
  true, true, true, true, true, true, true, true, true, true, true, true, 
  true, true, true, true, true, true, true, true, true, true, true, true, 
  true, true, true, true, true, true, true, true, true, true, true, true, 
  true, true, true, true, true, true, true, true, true, true, true, true 
 ]; BixB_yi:[ true, true, true, true, true, true, true, true, true, true, 
  true, true, true, true, true, true, true, true, true, true, true, true, 
  true, true, true, true, true, true, true, true, true, true, true, true, 
  true, true, true, true, true, true, true, true, true, true, true, true, 
  true, true, true, true, true, true, true, true, true, true, true, true, 
  true, true, true, true, true, true, true, true, true, true, true, true, 
  true, true, true, true, true, true, true, true, true, true, true, true, 
  true, true, true, true, true, true, true, true, true, true, true, true, 
  true, true, true, true, true, true, true, true, true, true, true, true, 
  true, true, true, true, true, true, true, true, true, true, true, true, 
  true, true, true, true, true, true, true, true, true, true, true, true, 
  true, true, true, true, true, true, true, true, true, true, true, true, 
  true, true, true, true, true, true, true, true, true, true, true, true, 
  true, true, true, true, true, true, true, true, true, true, true, true, 
  true, true, true, true, true, true, true, true, true, true, true, true, 
  true, true, true, true, true, true, true, true, true, true, true, true, 
  true, true, true, true, true, true, true, true, true, true, true, true, 
  true, true, true, true, true, true, true, true, true, true, true, true, 
  true, true, true, true, true, true, true, true, true, true, true, true, 
  true, true, false, true, true, true, true, true, true, true, true, true, 
  true, true, true, true, true, true, true, true, true, true, true, true, 
  true, true, true, true, true, true, true, true, true, true, true, true, 
  true, true, true, true, true, true, true, true, true, true, true, true, 
  true, true, true, true, true, true, true, true, true, true, true, true, 
  true, true, true, true, true, true, true, true, true, true, true, true, 
  true, true, true, true, true, true, true, true, true, true, true, true, 
  true, true, true, true, true, true, true, true, true, true, true, true, 
  true, true, true, true, true, true, true, true, true, true, true, true, 
  true, true, true, true, true, true, true, true, true, true, true, true, 
  true, true, true, true, true, true, true, true, true, true, true, true, 
  true, true, true, true, true, true, true, true, true, true, true, true, 
  true, true, true, true, true, true, true, true, true, true, true, true, 
  true, true, true, true, true, true, true, true, true, true, true, true, 
  true, true, true, true, true, true, true, true, true, true, true, true, 
  true, true, true, true, true, true, true, true, true, true, true, true, 
  true, true, true, true, true, true, true, true, true, true, true, true, 
  true, true, true, true, true, true, true, true, true, true, true, true, 
  true, true, true, true, true, true, true, true, true, true, true, true, 
  true, true, true, true, true, true, true, true, true, true, true, true, 
  true, true, true, true, true, true, true, true, true, true, true, true, 
  true, true, true, true, true, true, true, true, true, true, true, true, 
  true, true, true, true, true, true, true, true, true, true, true, true, 
  true, true, true, true, true, true, true, true, true, true, true, true, 
  true, true, true, true, true, true, true, true, true, true, true, true, 
  true, true, true, true, true, true, true, true, true, true, true, true, 
  true, true, true, true, true, true, true, true, true, true, true, true, 
  true, true, true, true, true, true, true, true, true, true, true, true, 
  true, true, true, true, true, true, true, true, true, true, true, true, 
  true, true, true, true, true, true, true, true, true, true, true, true, 
  true, true, true, true, true, true, true, true, true, true, true, true, 
  true, true, true, true, true, true, true, true, true, true, true, true, 
  true, true, true, true, true, true, true, true, true, true, true, true, 
  true, true, true, true, true, true, true, true, true, true, true, true, 
  true, true, true, true, true, true, true, true, true, true, true, true, 
  true, true, true, true, true, true, true, true, true, true, true, true, 
  true, true, true, true, true, true, true, true, true, true, true, true, 
  true, true, true, true, true, true, true, true, true, true, true, true, 
  true, true, true, true, true, true, true, true, true, true, true, true, 
  true, true, true, true, true, true, true, true, true, true, true, true, 
  true, true, true, true, true, true, true, true, true, true, true, true, 
  true, true, true, true, true, true, true, true, true, true, true, true, 
  true, true, true, true, true, true, true, true, true, true, true, true, 
  true, true, true, true, true, true, true, true, true, true, true, true, 
  true, true, true, true, true, true, true, true, true, true, true, true, 
  true, true, true, true, true, true, true, true, true, true, true, true, 
  true, true, true, true, true, true, true, true, true, true, true, true, 
  true, true, true, true, true, true, true, true, true, true, true, true, 
  true, true, true, true, true, true, true, true, true, true, true, true, 
  true, true, true, true, true, true, true, true, true, true, true, true, 
  true, true, true, true, true, true, true, true, true, true, true, true, 
  true, true, true, true, true, true, true, true, true, true, true, true, 
  true, true, true, true, true, true, true, true, true, true, true, true, 
  true, true, true, true, true, true, true, true, true, true, true, true, 
  true, true, true, true, true, true, true, true, true, true, true, true, 
  true, true, true, true, true, true, true, true, true, true, true, true, 
  true, true, true, true, true, true, true, true, true, true, true, true, 
  true, true, true, true, true, true, true ]; ctrl_ByBi:
[ true, true, true, true, true, true, true, true, true, true, true, true, 
  true, true, true, true, true, true, true, true, true, true, true, true, 
  true, true, true, true, true, true, true, true, true, true, true, true, 
  true, true, true, true, true, true, true, true, true, true, true, true, 
  true, true, true, true, true, true, true, true, true, true, true, true, 
  true, true, true, true, true, true, true, true, true, true, true, true, 
  true, true, true, true, true, true, true, true, true, true, true, true, 
  true, true, true, true, true, true, true, true, true, true, true, true, 
  true, true, true, true, true, true, true, true, true, true, true, true, 
  true, true, true, true, true, true, true, true, true, true, true, true, 
  true, true, true, true, true, true, true, true, true, true, true, true, 
  true, true, true, true, true, true, true, true, true, true, true, true, 
  true, true, true, true, true, true, true, true, true, true, true, true, 
  true, true, true, true, true, true, true, true, true, true, true, true, 
  true, true, true, true, true, true, true, true, true, true, true, true, 
  true, true, true, true, true, true, true, true, true, true, true, true, 
  true, true, true, true, true, true, true, true, true, true, true, true, 
  true, true, true, true, true, true, true, true, true, true, true, true, 
  true, true, true, true, true, true, true, true, true, true, true, true, 
  true, true, true, true, true, true, true, true, true, true, true, true, 
  true, true, true, true, true, true, true, true, true, true, true, true, 
  true, true, true, true, true, true, true, true, true, true, true, true, 
  true, true, true, true, true, true, true, true, true, true, true, true, 
  true, true, true, true, true, true, true, true, true, true, true, true, 
  true, true, true, true, true, true, true, true, true, true, true, true, 
  true, true, true, true, true, true, true, true, true, true, true, true, 
  true, true, true, true, true, true, true, true, true, true, true, true, 
  true, true, true, true, true, true, true, true, true, true, true, true, 
  true, true, true, true, true, true, true, true, true, true, true, true, 
  true, true, true, true, true, true, true, true, true, true, true, true, 
  true, true, true, true, true, true, true, true, true, true, true, true, 
  true, true, true, true, true, true, true, true, true, true, true, true, 
  true, true, true, true, true, true, true, true, true, true, true, true, 
  true, true, true, true, true, true, true, true, true, true, true, true, 
  true, true, true, true, true, true, true, true, true, true, true, true, 
  true, true, true, true, true, true, true, true, true, true, true, true, 
  true, true, true, true, true, true, true, true, true, true, true, true, 
  true, true, true, true, true, true, true, true, true, true, true, true, 
  true, true, true, true, true, true, true, true, true, true, true, true, 
  true, true, true, true, true, true, true, true, true, true, true, true, 
  true, true, true, true, true, true, true, true, true, true, true, true, 
  true, true, true, true, true, true, true, true, true, true, true, true, 
  true, true, true, true, true, true, true, true, true, true, true, true, 
  true, true, true, true, true, true, true, true, true, true, true, true, 
  true, true, true, true, true, true, true, true, true, true, true, true, 
  true, true, true, true, true, true, true, true, true, true, true, true, 
  true, true, true, true, true, true, true, true, true, true, true, true, 
  true, true, true, true, true, true, true, true, true, true, true, true, 
  true, true, true, true, true, true, true, true, true, true, true, true, 
  true, true, true, true, true, true, true, true, true, true, true, true, 
  true, true, true, true, true, true, true, true, true, true, true, true, 
  true, true, true, true, true, true, true, true, true, true, true, true, 
  true, true, true, true, true, true, true, true, true, true, true, true, 
  true, true, true, true, true, true, true, true, true, true, true, true, 
  true, true, true, true, true, true, true, true, true, true, true, true, 
  true, true, true, true, true, true, true, true, true, true, true, true, 
  true, true, true, true, true, true, true, true, true, true, true, true, 
  true, true, true, true, true, true, true, true, true, true, true, true, 
  true, true, true, true, true, true, true, true, true, true, true, true, 
  true, true, true, true, true, true, true, true, true, true, true, true, 
  true, true, true, true, true, true, true, true, true, true, true, true, 
  true, true, true, true, true, true, true, true, true, true, true, true, 
  true, true, true, true, true, true, true, true, true, true, true, true, 
  true, true, true, true, true, true, true, true, true, true, true, true, 
  true, true, true, true, true, true, true, true, true, true, true, true, 
  true, true, true, true, true, true, true, true, true, true, true, true, 
  true, true, true, true, true, true, true, true, true, true, true, true, 
  true, true, true, true, true, true, true, true, true, true, true, true, 
  true, true, true, true, true, true, true, true, true, true, true, true, 
  true, true, true, true, true, true, true, true, true, true, true, true, 
  true, true, true, true, true, true, true, true, true, true, true, true, 
  true, true, true, true, true, true, true, true, true, true, true, true, 
  true, true, true, true, true, true, true, true, true, true, true, true, 
  true, true, true, true, true, true, true, true, true, true, true, true, 
  true, true, true, true, true, true, true, true, true, true, true, true, 
  true, true, true, true, true, true, true, true, true, true, true, true, 
  true, true, true, true, true ]; ctrl_AxAi:[ true, true, true, true, true, 
  true, true, true, true, true, true, true, true, true, true, true, true, 
  true, true, true, true, true, true, true, true, true, true, true, true, 
  true, true, true, true, true, true, true, true, true, true, true, true, 
  true, true, true, true, true, true, true, true, true, true, true, true, 
  true, true, true, true, true, true, true, true, true, true, true, true, 
  true, true, true, true, true, true, true, true, true, true, true, true, 
  true, true, true, true, true, true, true, true, true, true, true, true, 
  true, true, true, true, true, true, true, true, true, true, true, true, 
  true, true, true, true, true, true, true, true, true, true, true, true, 
  true, true, true, true, true, true, true, true, true, true, true, true, 
  true, true, true, true, true, true, true, true, true, true, true, true, 
  true, true, true, true, true, true, true, true, true, true, true, true, 
  true, true, true, true, true, true, true, true, true, true, true, true, 
  true, true, true, true, true, true, true, true, true, true, true, true, 
  true, true, true, true, true, true, true, true, true, true, true, true, 
  true, true, true, true, true, true, true, true, true, true, true, true, 
  true, true, true, true, true, true, true, true, true, true, true, true, 
  true, true, true, true, true, true, true, true, true, true, true, true, 
  true, true, true, true, true, true, true, true, true, true, true, true, 
  true, true, true, true, true, true, true, true, true, true, true, true, 
  true, true, true, true, true, true, true, true, true, true, true, true, 
  true, true, true, true, true, true, true, true, true, true, true, true, 
  true, true, true, true, true, true, true, true, true, true, true, true, 
  true, true, true, true, true, true, true, true, true, true, true, true, 
  true, true, true, true, true, true, true, true, true, true, true, true, 
  true, true, true, true, true, true, true, true, true, true, true, true, 
  true, true, true, true, true, true, true, true, true, true, true, true, 
  true, true, true, true, true, true, true, true, true, true, true, true, 
  true, true, true, true, true, true, true, true, true, true, true, true, 
  true, true, true, true, true, true, true, true, true, true, true, true, 
  true, true, true, true, true, true, true, true, true, true, true, true, 
  true, true, true, true, true, true, true, true, true, true, true, true, 
  true, true, true, true, true, true, true, true, true, true, true, true, 
  true, true, true, true, true, true, true, true, true, true, true, true, 
  true, true, true, true, true, true, true, true, true, true, true, true, 
  true, true, true, true, true, true, true, true, true, true, true, true, 
  true, true, true, true, true, true, true, true, true, true, true, true, 
  true, true, true, true, true, true, true, true, true, true, true, true, 
  true, true, true, true, true, true, true, true, true, true, true, true, 
  true, true, true, true, true, true, true, true, true, true, true, true, 
  true, true, true, true, true, true, true, true, true, true, true, true, 
  true, true, true, true, true, true, true, true, true, true, true, true, 
  true, true, true, true, true, true, true, true, true, true, true, true, 
  true, true, true, true, true, true, true, true, true, true, true, true, 
  true, true, true, true, true, true, true, true, true, true, true, true, 
  true, true, true, true, true, true, true, true, true, true, true, true, 
  true, true, true, true, true, true, true, true, true, true, true, true, 
  true, true, true, true, true, true, true, true, true, true, true, true, 
  true, true, true, true, true, true, true, true, true, true, true, true, 
  true, true, true, true, true, true, true, true, true, true, true, true, 
  true, true, true, true, true, true, true, true, true, true, true, true, 
  true, true, true, true, true, true, true, true, true, true, true, true, 
  true, true, true, true, true, true, true, true, true, true, true, true, 
  true, true, true, true, true, true, true, true, true, true, true, true, 
  true, true, true, true, true, true, true, true, true, true, true, true, 
  true, true, true, true, true, true, true, true, true, true, true, true, 
  true, true, true, true, true, true, true, true, true, true, true, true, 
  true, true, true, true, true, true, true, true, true, true, true, true, 
  true, true, true, true, true, true, true, true, true, true, true, true, 
  true, true, true, true, true, true, true, true, true, true, true, true, 
  true, true, true, true, true, true, true, true, true, true, true, true, 
  true, true, true, true, true, true, true, true, true, true, true, true, 
  true, true, true, true, true, true, true, true, true, true, true, true, 
  true, true, true, true, true, true, true, true, true, true, true, true, 
  true, true, true, true, true, true, true, true, true, true, true, true, 
  true, true, true, true, true, true, true, true, true, true, true, true, 
  true, true, true, true, true, true, true, true, true, true, true, true, 
  true, true, true, true, true, true, true, true, true, true, true, true, 
  true, true, true, true, true, true, true, true, true, true, true, true, 
  true, true, true, true, true, true, true, true, true, true, true, true, 
  true, true, true, true, true, true, true, true, true, true, true, true, 
  true, true, true, true, true, true, true, true, true, true, true, true, 
  true, true, true, true, true, true, true, true, true, true, true, true, 
  true, true, true, true, true, true, true, true, true, true, true, true, 
  true, true, true, true, true, true, true, true, true, true, true, true, 
  true, true, true, true, true, true, true, true, true, true, true, true ]
PSL(3,3): 2424 quotient(s); sheet_BxBi_y:[ true, true, true, true, true, 
  true, true, true, true, true, true, true, true, true, true, true, true, 
  true, true, true, true, true, true, true, true, true, true, true, true, 
  true, true, true, true, true, true, true, true, true, true, true, true, 
  true, true, true, true, true, true, true, true, true, true, true, true, 
  true, true, true, true, true, true, true, true, true, true, true, true, 
  true, true, true, true, true, true, true, true, true, true, true, true, 
  true, true, true, true, true, true, true, true, true, true, true, true, 
  true, true, true, true, true, true, true, true, true, true, true, true, 
  true, true, true, true, true, true, true, true, true, true, true, true, 
  true, true, true, true, true, true, true, true, true, true, true, true, 
  true, true, true, true, true, true, true, true, true, true, true, true, 
  true, true, true, true, true, true, true, true, true, true, true, true, 
  true, true, true, true, true, true, true, true, true, true, true, true, 
  true, true, true, true, true, true, true, true, true, true, true, true, 
  true, true, true, true, true, true, true, true, true, true, true, true, 
  true, true, true, true, true, true, true, true, true, true, true, true, 
  true, true, true, true, true, true, true, true, true, true, true, true, 
  true, true, true, true, true, true, true, true, true, true, true, true, 
  true, true, true, true, true, true, true, true, true, true, true, true, 
  true, true, true, true, true, true, true, true, true, true, true, true, 
  true, true, true, true, true, true, true, true, true, true, true, true, 
  true, true, true, true, true, true, true, true, true, true, true, true, 
  true, true, true, true, true, true, true, true, true, true, true, true, 
  true, true, true, true, true, true, true, true, true, true, true, true, 
  true, true, true, true, true, true, true, true, true, true, true, true, 
  true, true, true, true, true, true, true, true, true, true, true, true, 
  true, true, true, true, true, true, true, true, true, true, true, true, 
  true, true, true, true, true, true, true, true, true, true, true, true, 
  true, true, true, true, true, true, true, true, true, true, true, true, 
  true, true, true, true, true, true, true, true, true, true, true, true, 
  true, true, true, true, true, true, true, true, true, true, true, true, 
  true, true, true, true, true, true, true, true, true, true, true, true, 
  true, true, true, true, true, true, true, true, true, true, true, true, 
  true, true, true, true, true, true, true, true, true, true, true, true, 
  true, true, true, true, true, true, true, true, true, true, true, true, 
  true, true, true, true, true, true, true, true, true, true, true, true, 
  true, true, true, true, true, true, true, true, true, true, true, true, 
  true, true, true, true, true, true, true, true, true, true, true, true, 
  true, true, true, true, true, true, true, true, true, true, true, true, 
  true, true, true, true, true, true, true, true, true, true, true, true, 
  true, true, true, true, true, true, true, true, true, true, true, true, 
  true, true, true, true, true, true, true, true, true, true, true, true, 
  true, true, true, true, true, true, true, true, true, true, true, true, 
  true, true, true, true, true, true, true, true, true, true, true, true, 
  true, true, true, true, true, true, true, true, true, true, true, true, 
  true, true, true, true, true, true, true, true, true, true, true, true, 
  true, true, true, true, true, true, true, true, true, true, true, true, 
  true, true, true, true, true, true, true, true, true, true, true, true, 
  true, true, true, true, true, true, true, true, true, true, true, true, 
  true, true, true, true, true, true, true, true, true, true, true, true, 
  true, true, true, true, true, true, true, true, true, true, true, true, 
  true, true, true, true, true, true, true, true, true, true, true, true, 
  true, true, true, true, true, true, true, true, true, true, true, true, 
  true, true, true, true, true, true, true, true, true, true, true, true, 
  true, true, true, true, true, true, true, true, true, true, true, true, 
  true, true, true, true, true, true, true, true, true, true, true, true, 
  true, true, true, true, true, true, true, true, true, true, true, true, 
  true, true, true, true, true, true, true, true, true, true, true, true, 
  true, true, true, true, true, true, true, true, true, true, true, true, 
  true, true, true, true, true, true, true, true, true, true, true, true, 
  true, true, true, true, true, true, true, true, true, true, true, true, 
  true, true, true, true, true, true, true, true, true, true, true, true, 
  true, true, true, true, true, true, true, true, true, true, true, true, 
  true, true, true, true, true, true, true, true, true, true, true, true, 
  true, true, true, true, true, true, true, true, true, true, true, true, 
  true, true, true, true, true, true, true, true, true, true, true, true, 
  true, true, true, true, true, true, true, true, true, true, true, true, 
  true, true, true, true, true, true, true, true, true, true, true, true, 
  true, true, true, true, true, true, true, true, true, true, true, true, 
  true, true, true, true, true, true, true, true, true, true, true, true, 
  true, true, true, true, true, true, true, true, true, true, true, true, 
  true, true, true, true, true, true, true, true, true, true, true, true, 
  true, true, true, true, true, true, true, true, true, true, true, true, 
  true, true, true, true, true, true, true, true, true, true, true, true, 
  true, true, true, true, true, true, true, true, true, true, true, true, 
  true, true, true, true, true, true, true, true, true, true, true, true, 
  true, true, true, true, true, true, true, true, true, true, true, true, 
  true, true, true, true, true, true, true, true, true, true, true, true, 
  true, true, true, true, true, true, true, true, true, true, true, true, 
  true, true, true, true, true, true, true, true, true, true, true, true, 
  true, true, true, true, true, true, true, true, true, true, true, true, 
  true, true, true, true, true, true, true, true, true, true, true, true, 
  true, true, true, true, true, true, true, true, true, true, true, true, 
  true, true, true, true, true, true, true, true, true, true, true, true, 
  true, true, true, true, true, true, true, true, true, true, true, true, 
  true, true, true, true, true, true, true, true, true, true, true, true, 
  true, true, true, true, true, true, true, true, true, true, true, true, 
  true, true, true, true, true, true, true, true, true, true, true, true, 
  true, true, true, true, true, true, true, true, true, true, true, true, 
  true, true, true, true, true, true, true, true, true, true, true, true, 
  true, true, true, true, true, true, true, true, true, true, true, true, 
  true, true, true, true, true, true, true, true, true, true, true, true, 
  true, true, true, true, true, true, true, true, true, true, true, true, 
  true, true, true, true, true, true, true, true, true, true, true, true, 
  true, true, true, true, true, true, true, true, true, true, true, true, 
  true, true, true, true, true, true, true, true, true, true, true, true, 
  true, true, true, true, true, true, true, true, true, true, true, true, 
  true, true, true, true, true, true, true, true, true, true, true, true, 
  true, true, true, true, true, true, true, true, true, true, true, true, 
  true, true, true, true, true, true, true, true, true, true, true, true, 
  true, true, true, true, true, true, true, true, true, true, true, true, 
  true, true, true, true, true, true, true, true, true, true, true, true, 
  true, true, true, true, true, true, true, true, true, true, true, true, 
  true, true, true, true, true, true, true, true, true, true, true, true, 
  true, true, true, true, true, true, true, true, true, true, true, true, 
  true, true, true, true, true, true, true, true, true, true, true, true, 
  true, true, true, true, true, true, true, true, true, true, true, true, 
  true, true, true, true, true, true, true, true, true, true, true, true, 
  true, true, true, true, true, true, true, true, true, true, true, true, 
  true, true, true, true, true, true, true, true, true, true, true, true, 
  true, true, true, true, true, true, true, true, true, true, true, true, 
  true, true, true, true, true, true, true, true, true, true, true, true, 
  true, true, true, true, true, true, true, true, true, true, true, true, 
  true, true, true, true, true, true, true, true, true, true, true, true, 
  true, true, true, true, true, true, true, true, true, true, true, true, 
  true, true, true, true, true, true, true, true, true, true, true, true, 
  true, true, true, true, true, true, true, true, true, true, true, true, 
  true, true, true, true, true, true, true, true, true, true, true, true, 
  true, true, true, true, true, true, true, true, true, true, true, true, 
  true, true, true, true, true, true, true, true, true, true, true, true, 
  true, true, true, true, true, true, true, true, true, true, true, true, 
  true, true, true, true, true, true, true, true, true, true, true, true, 
  true, true, true, true, true, true, true, true, true, true, true, true, 
  true, true, true, true, true, true, true, true, true, true, true, true, 
  true, true, true, true, true, true, true, true, true, true, true, true, 
  true, true, true, true, true, true, true, true, true, true, true, true, 
  true, true, true, true, true, true, true, true, true, true, true, true, 
  true, true, true, true, true, true, true, true, true, true, true, true, 
  true, true, true, true, true, true, true, true, true, true, true, true, 
  true, true, true, true, true, true, true, true, true, true, true, true, 
  true, true, true, true, true, true, true, true, true, true, true, true, 
  true, true, true, true, true, true, true, true, true, true, true, true, 
  true, true, true, true, true, true, true, true, true, true, true, true, 
  true, true, true, true, true, true, true, true, true, true, true, true, 
  true, true, true, true, true, true, true, true, true, true, true, true, 
  true, true, true, true, true, true, true, true, true, true, true, true, 
  true, true, true, true, true, true, true, true, true, true, true, true, 
  true, true, true, true, true, true, true, true, true, true, true, true, 
  true, true, true, true, true, true, true, true, true, true, true, true, 
  true, true, true, true, true, true, true, true, true, true, true, true, 
  true, true, true, true, true, true, true, true, true, true, true, true, 
  true, true, true, true, true, true, true, true, true, true, true, true, 
  true, true, true, true, true, true, true, true, true, true, true, true, 
  true, true, true, true, true, true, true, true, true, true, true, true, 
  true, true, true, true, true, true, true, true, true, true, true, true, 
  true, true, true, true, true, true, true, true, true, true, true, true, 
  true, true, true, true, true, true, true, true, true, true, true, true, 
  true, true, true, true, true, true, true, true, true, true, true, true, 
  true, true, true, true, true, true, true, true, true, true, true, true, 
  true, true, true, true, true, true, true, true, true, true, true, true, 
  true, true, true, true, true, true, true, true, true, true, true, true, 
  true, true, true, true, true, true, true, true, true, true, true, true, 
  true, true, true, true, true, true, true, true, true, true, true, true, 
  true, true, true, true, true, true, true, true, true, true, true, true, 
  true, true, true, true, true, true, true, true, true, true, true, true, 
  true, true, true, true, true, true, true, true, true, true, true, true, 
  true, true, true, true, true, true, true, true, true, true, true, true, 
  true, true, true, true, true, true, true, true, true, true, true, true, 
  true, true, true, true, true, true, true, true, true, true, true, true, 
  true, true, true, true, true, true, true, true, true, true, true, true, 
  true, true, true, true, true, true, true, true, true, true, true, true, 
  true, true, true, true, true, true, true, true, true, true, true, true, 
  true, true, true, true, true, true, true, true, true, true, true, true, 
  true, true, true, true, true, true, true, true, true, true, true, true, 
  true, true, true, true, true, true, true, true, true, true, true, true, 
  true, true, true, true, true, true, true, true, true, true, true, true, 
  true, true, true, true, true, true, true, true, true, true, true, true, 
  true, true, true, true, true, true, true, true, true, true, true, true, 
  true, true, true, true, true, true, true, true, true, true, true, true, 
  true, true, true, true, true, true, true, true, true, true, true, true, 
  true, true, true, true, true, true, true, true, true, true, true, true, 
  true, true, true, true, true, true, true, true, true, true, true, true, 
  true, true, true, true, true, true, true, true, true, true, true, true, 
  true, true, true, true, true, true, true, true, true, true, true, true, 
  true, true, true, true, true, true, true, true, true, true, true, true, 
  true, true, true, true, true, true, true, true, true, true, true, true, 
  true, true, true, true, true, true, true, true, true, true, true, true, 
  true, true, true, true, true, true, true, true, true, true, true, true, 
  true, true, true, true, true, true, true, true, true, true, true, true, 
  true, true, true, true, true, true, true, true, true, true, true, true, 
  true, true, true, true, true, true, true, true, true, true, true, true, 
  true, true, true, true, true, true, true, true, true, true, true, true, 
  true, true, true, true, true, true, true, true, true, true, true, true, 
  true, true, true, true, true, true, true, true, true, true, true, true, 
  true, true, true, true, true, true, true, true, true, true, true, true, 
  true, true, true, true, true, true, true, true, true, true, true, true, 
  true, true, true, true, true, true, true, true, true, true, true, true, 
  true, true, true, true, true, true, true, true, true, true, true, true, 
  true, true, true, true, true, true, true, true, true, true, true, true, 
  true, true, true, true, true, true, true, true, true, true, true, true, 
  true, true, true, true, true, true, true, true, true, true, true, true, 
  true, true, true, true, true, true, true, true, true, true, true, true, 
  true, true, true, true, true, true, true, true, true, true, true, true, 
  true, true, true, true, true, true, true, true, true, true, true, true, 
  true, true, true, true, true, true, true, true, true, true, true, true, 
  true, true, true, true, true, true, true, true, true, true, true, true, 
  true, true, true, true, true, true, true, true, true, true, true, true, 
  true, true, true, true, true, true, true, true, true, true, true, true, 
  true, true, true, true, true, true, true, true, true, true, true, true, 
  true, true, true, true, true, true, true, true, true, true, true, true, 
  true, true, true, true, true, true, true, true, true, true, true, true, 
  true, true, true, true, true, true, true ]; BxBi_yi:
[ true, true, true, true, true, true, true, true, true, true, true, true, 
  true, true, true, true, true, true, true, true, true, true, true, true, 
  true, true, true, true, true, true, true, true, true, true, true, true, 
  true, true, true, true, true, true, true, true, true, true, true, true, 
  true, true, true, true, true, true, true, true, true, true, true, true, 
  true, true, true, true, true, true, true, true, true, true, true, true, 
  true, true, true, true, true, true, true, true, true, true, true, true, 
  true, true, true, true, true, true, true, true, true, true, true, true, 
  true, true, true, true, true, true, true, true, true, true, true, true, 
  true, true, true, true, true, true, true, true, true, true, true, true, 
  true, true, true, true, true, true, true, true, true, true, true, true, 
  true, true, true, true, true, true, true, true, true, true, true, true, 
  true, true, true, true, true, true, true, true, true, true, true, true, 
  true, true, true, true, true, true, true, true, true, true, true, true, 
  true, true, true, true, true, true, true, true, true, true, true, true, 
  true, true, true, true, true, true, true, true, true, true, true, true, 
  true, true, true, true, true, true, true, true, true, true, true, true, 
  true, true, true, true, true, true, true, true, true, true, true, true, 
  true, true, true, true, true, true, true, true, true, true, true, true, 
  true, true, true, true, true, true, true, true, true, true, true, true, 
  true, true, true, true, true, true, true, true, true, true, true, true, 
  true, true, true, true, true, true, true, true, true, true, true, true, 
  true, true, true, true, true, true, true, true, true, true, true, true, 
  true, true, true, true, true, true, true, true, true, true, true, true, 
  true, true, true, true, true, true, true, true, true, true, true, true, 
  true, true, true, true, true, true, true, true, true, true, true, true, 
  true, true, true, true, true, true, true, true, true, true, true, true, 
  true, true, true, true, true, true, true, true, true, true, true, true, 
  true, true, true, true, true, true, true, true, true, true, true, true, 
  true, true, true, true, true, true, true, true, true, true, true, true, 
  true, true, true, true, true, true, true, true, true, true, true, true, 
  true, true, true, true, true, true, true, true, true, true, true, true, 
  true, true, true, true, true, true, true, true, true, true, true, true, 
  true, true, true, true, true, true, true, true, true, true, true, true, 
  true, true, true, true, true, true, true, true, true, true, true, true, 
  true, true, true, true, true, true, true, true, true, true, true, true, 
  true, true, true, true, true, true, true, true, true, true, true, true, 
  true, true, true, true, true, true, true, true, true, true, true, true, 
  true, true, true, true, true, true, true, true, true, true, true, true, 
  true, true, true, true, true, true, true, true, true, true, true, true, 
  true, true, true, true, true, true, true, true, true, true, true, true, 
  true, true, true, true, true, true, true, true, true, true, true, true, 
  true, true, true, true, true, true, true, true, true, true, true, true, 
  true, true, true, true, true, true, true, true, true, true, true, true, 
  true, true, true, true, true, true, true, true, true, true, true, true, 
  true, true, true, true, true, true, true, true, true, true, true, true, 
  true, true, true, true, true, true, true, true, true, true, true, true, 
  true, true, true, true, true, true, true, true, true, true, true, true, 
  true, true, true, true, true, true, true, true, true, true, true, true, 
  true, true, true, true, true, true, true, true, true, true, true, true, 
  true, true, true, true, true, true, true, true, true, true, true, true, 
  true, true, true, true, true, true, true, true, true, true, true, true, 
  true, true, true, true, true, true, true, true, true, true, true, true, 
  true, true, true, true, true, true, true, true, true, true, true, true, 
  true, true, true, true, true, true, true, true, true, true, true, true, 
  true, true, true, true, true, true, true, true, true, true, true, true, 
  true, true, true, true, true, true, true, true, true, true, true, true, 
  true, true, true, true, true, true, true, true, true, true, true, true, 
  true, true, true, true, true, true, true, true, true, true, true, true, 
  true, true, true, true, true, true, true, true, true, true, true, true, 
  true, true, true, true, true, true, true, true, true, true, true, true, 
  true, true, true, true, true, true, true, true, true, true, true, true, 
  true, true, true, true, true, true, true, true, true, true, true, true, 
  true, true, true, true, true, true, true, true, true, true, true, true, 
  true, true, true, true, true, true, true, true, true, true, true, true, 
  true, true, true, true, true, true, true, true, true, true, true, true, 
  true, true, true, true, true, true, true, true, true, true, true, true, 
  true, true, true, true, true, true, true, true, true, true, true, true, 
  true, true, true, true, true, true, true, true, true, true, true, true, 
  true, true, true, true, true, true, true, true, true, true, true, true, 
  true, true, true, true, true, true, true, true, true, true, true, true, 
  true, true, true, true, true, true, true, true, true, true, true, true, 
  true, true, true, true, true, true, true, true, true, true, true, true, 
  true, true, true, true, true, true, true, true, true, true, true, true, 
  true, true, true, true, true, true, true, true, true, true, true, true, 
  true, true, true, true, true, true, true, true, true, true, true, true, 
  true, true, true, true, true, true, true, true, true, true, true, true, 
  true, true, true, true, true, true, true, true, true, true, true, true, 
  true, true, true, true, true, true, true, true, true, true, true, true, 
  true, true, true, true, true, true, true, true, true, true, true, true, 
  true, true, true, true, true, true, true, true, true, true, true, true, 
  true, true, true, true, true, true, true, true, true, true, true, true, 
  true, true, true, true, true, true, true, true, true, true, true, true, 
  true, true, true, true, true, true, true, true, true, true, true, true, 
  true, true, true, true, true, true, true, true, true, true, true, true, 
  true, true, true, true, true, true, true, true, true, true, true, true, 
  true, true, true, true, true, true, true, true, true, true, true, true, 
  true, true, true, true, true, true, true, true, true, true, true, true, 
  true, true, true, true, true, true, true, true, true, true, true, true, 
  true, true, true, true, true, true, true, true, true, true, true, true, 
  true, true, true, true, true, true, true, true, true, true, true, true, 
  true, true, true, true, true, true, true, true, true, true, true, true, 
  true, true, true, true, true, true, true, true, true, true, true, true, 
  true, true, true, true, true, true, true, true, true, true, true, true, 
  true, true, true, true, true, true, true, true, true, true, true, true, 
  true, true, true, true, true, true, true, true, true, true, true, true, 
  true, true, true, true, true, true, true, true, true, true, true, true, 
  true, true, true, true, true, true, true, true, true, true, true, true, 
  true, true, true, true, true, true, true, true, true, true, true, true, 
  true, true, true, true, true, true, true, true, true, true, true, true, 
  true, true, true, true, true, true, true, true, true, true, true, true, 
  true, true, true, true, true, true, true, true, true, true, true, true, 
  true, true, true, true, true, true, true, true, true, true, true, true, 
  true, true, true, true, true, true, true, true, true, true, true, true, 
  true, true, true, true, true, true, true, true, true, true, true, true, 
  true, true, true, true, true, true, true, true, true, true, true, true, 
  true, true, true, true, true, true, true, true, true, true, true, true, 
  true, true, true, true, true, true, true, true, true, true, true, true, 
  true, true, true, true, true, true, true, true, true, true, true, true, 
  true, true, true, true, true, true, true, true, true, true, true, true, 
  true, true, true, true, true, true, true, true, true, true, true, true, 
  true, true, true, true, true, true, true, true, true, true, true, true, 
  true, true, true, true, true, true, true, true, true, true, true, true, 
  true, true, true, true, true, true, true, true, true, true, true, true, 
  true, true, true, true, true, true, true, true, true, true, true, true, 
  true, true, true, true, true, true, true, true, true, true, true, true, 
  true, true, true, true, true, true, true, true, true, true, true, true, 
  true, true, true, true, true, true, true, true, true, true, true, true, 
  true, true, true, true, true, true, true, true, true, true, true, true, 
  true, true, true, true, true, true, true, true, true, true, true, true, 
  true, true, true, true, true, true, true, true, true, true, true, true, 
  true, true, true, true, true, true, true, true, true, true, true, true, 
  true, true, true, true, true, true, true, true, true, true, true, true, 
  true, true, true, true, true, true, true, true, true, true, true, true, 
  true, true, true, true, true, true, true, true, true, true, true, true, 
  true, true, true, true, true, true, true, true, true, true, true, true, 
  true, true, true, true, true, true, true, true, true, true, true, true, 
  true, true, true, true, true, true, true, true, true, true, true, true, 
  true, true, true, true, true, true, true, true, true, true, true, true, 
  true, true, true, true, true, true, true, true, true, true, true, true, 
  true, true, true, true, true, true, true, true, true, true, true, true, 
  true, true, true, true, true, true, true, true, true, true, true, true, 
  true, true, true, true, true, true, true, true, true, true, true, true, 
  true, true, true, true, true, true, true, true, true, true, true, true, 
  true, true, true, true, true, true, true, true, true, true, true, true, 
  true, true, true, true, true, true, true, true, true, true, true, true, 
  true, true, true, true, true, true, true, true, true, true, true, true, 
  true, true, true, true, true, true, true, true, true, true, true, true, 
  true, true, true, true, true, true, true, true, true, true, true, true, 
  true, true, true, true, true, true, true, true, true, true, true, true, 
  true, true, true, true, true, true, true, true, true, true, true, true, 
  true, true, true, true, true, true, true, true, true, true, true, true, 
  true, true, true, true, true, true, true, true, true, true, true, true, 
  true, true, true, true, true, true, true, true, true, true, true, true, 
  true, true, true, true, true, true, true, true, true, true, true, true, 
  true, true, true, true, true, true, true, true, true, true, true, true, 
  true, true, true, true, true, true, true, true, true, true, true, true, 
  true, true, true, true, true, true, true, true, true, true, true, true, 
  true, true, true, true, true, true, true, true, true, true, true, true, 
  true, true, true, true, true, true, true, true, true, true, true, true, 
  true, true, true, true, true, true, true, true, true, true, true, true, 
  true, true, true, true, true, true, true, true, true, true, true, true, 
  true, true, true, true, true, true, true, true, true, true, true, true, 
  true, true, true, true, true, true, true, true, true, true, true, true, 
  true, true, true, true, true, true, true, true, true, true, true, true, 
  true, true, true, true, true, true, true, true, true, true, true, true, 
  true, true, true, true, true, true, true, true, true, true, true, true, 
  true, true, true, true, true, true, true, true, true, true, true, true, 
  true, true, true, true, true, true, true, true, true, true, true, true, 
  true, true, true, true, true, true, true, true, true, true, true, true, 
  true, true, true, true, true, true, true, true, true, true, true, true, 
  true, true, true, true, true, true, true, true, true, true, true, true, 
  true, true, true, true, true, true, true, true, true, true, true, true, 
  true, true, true, true, true, true, true, true, true, true, true, true, 
  true, true, true, true, true, true, true, true, true, true, true, true, 
  true, true, true, true, true, true, true, true, true, true, true, true, 
  true, true, true, true, true, true, true, true, true, true, true, true, 
  true, true, true, true, true, true, true, true, true, true, true, true, 
  true, true, true, true, true, true, true, true, true, true, true, true, 
  true, true, true, true, true, true, true, true, true, true, true, true, 
  true, true, true, true, true, true, true, true, true, true, true, true, 
  true, true, true, true, true, true, true, true, true, true, true, true, 
  true, true, true, true, true, true, true, true, true, true, true, true, 
  true, true, true, true, true, true, true, true, true, true, true, true, 
  true, true, true, true, true, true, true, true, true, true, true, true, 
  true, true, true, true, true, true, true, true, true, true, true, true, 
  true, true, true, true, true, true, true, true, true, true, true, true, 
  true, true, true, true, true, true, true, true, true, true, true, true, 
  true, true, true, true, true, true, true, true, true, true, true, true, 
  true, true, true, true, true, true, true, true, true, true, true, true, 
  true, true, true, true, true, true, true, true, true, true, true, true, 
  true, true, true, true, true, true, true, true, true, true, true, true, 
  true, true, true, true, true, true, true, true, true, true, true, true, 
  true, true, true, true, true, true, true, true, true, true, true, true, 
  true, true, true, true, true, true, true, true, true, true, true, true, 
  true, true, true, true, true, true, true, true, true, true, true, true, 
  true, true, true, true, true, true, true, true, true, true, true, true, 
  true, true, true, true, true, true, true, true, true, true, true, true, 
  true, true, true, true, true, true, true, true, true, true, true, true, 
  true, true, true, true, true, true, true, true, true, true, true, true, 
  true, true, true, true, true, true, true, true, true, true, true, true, 
  true, true, true, true, true, true, true, true, true, true, true, true, 
  true, true, true, true, true, true, true, true, true, true, true, true, 
  true, true, true, true, true, true, true, true, true, true, true, true, 
  true, true, true, true, true, true, true, true, true, true, true, true, 
  true, true, true, true, true, true, true, true, true, true, true, true, 
  true, true, true, true, true, true, true, true, true, true, true, true, 
  true, true, true, true, true, true, true, true, true, true, true, true, 
  true, true, true, true, true, true, true, true, true, true, true, true, 
  true, true, true, true, true, true, true, true, true, true, true, true, 
  true, true, true, true, true, true, true, true, true, true, true, true, 
  true, true, true, true, true, true, true, true, true, true, true, true 
 ]; BixB_y:[ true, true, true, true, true, true, true, true, true, true, 
  true, true, true, true, true, true, true, true, true, true, true, true, 
  true, true, true, true, true, true, true, true, true, true, true, true, 
  true, true, true, true, true, true, true, true, true, true, true, true, 
  true, true, true, true, true, true, true, true, true, true, true, true, 
  true, true, true, true, true, true, true, true, true, true, true, true, 
  true, true, true, true, true, true, true, true, true, true, true, true, 
  true, true, true, true, true, true, true, true, true, true, true, true, 
  true, true, true, true, true, true, true, true, true, true, true, true, 
  true, true, true, true, true, true, true, true, true, true, true, true, 
  true, true, true, true, true, true, true, true, true, true, true, true, 
  true, true, true, true, true, true, true, true, true, true, true, true, 
  true, true, true, true, true, true, true, true, true, true, true, true, 
  true, true, true, true, true, true, true, true, true, true, true, true, 
  true, true, true, true, true, true, true, true, true, true, true, true, 
  true, true, true, true, true, true, true, true, true, true, true, true, 
  true, true, true, true, true, true, true, true, true, true, true, true, 
  true, true, true, true, true, true, true, true, true, true, true, true, 
  true, true, true, true, true, true, true, true, true, true, true, true, 
  true, true, true, true, true, true, true, true, true, true, true, true, 
  true, true, true, true, true, true, true, true, true, true, true, true, 
  true, true, true, true, true, true, true, true, true, true, true, true, 
  true, true, true, true, true, true, true, true, true, true, true, true, 
  true, true, true, true, true, true, true, true, true, true, true, true, 
  true, true, true, true, true, true, true, true, true, true, true, true, 
  true, true, true, true, true, true, true, true, true, true, true, true, 
  true, true, true, true, true, true, true, true, true, true, true, true, 
  true, true, true, true, true, true, true, true, true, true, true, true, 
  true, true, true, true, true, true, true, true, true, true, true, true, 
  true, true, true, true, true, true, true, true, true, true, true, true, 
  true, true, true, true, true, true, true, true, true, true, true, true, 
  true, true, true, true, true, true, true, true, true, true, true, true, 
  true, true, true, true, true, true, true, true, true, true, true, true, 
  true, true, true, true, true, true, true, true, true, true, true, true, 
  true, true, true, true, true, true, true, true, true, true, true, true, 
  true, true, true, true, true, true, true, true, true, true, true, true, 
  true, true, true, true, true, true, true, true, true, true, true, true, 
  true, true, true, true, true, true, true, true, true, true, true, true, 
  true, true, true, true, true, true, true, true, true, true, true, true, 
  true, true, true, true, true, true, true, true, true, true, true, true, 
  true, true, true, true, true, true, true, true, true, true, true, true, 
  true, true, true, true, true, true, true, true, true, true, true, true, 
  true, true, true, true, true, true, true, true, true, true, true, true, 
  true, true, true, true, true, true, true, true, true, true, true, true, 
  true, true, true, true, true, true, true, true, true, true, true, true, 
  true, true, true, true, true, true, true, true, true, true, true, true, 
  true, true, true, true, true, true, true, true, true, true, true, true, 
  true, true, true, true, true, true, true, true, true, true, true, true, 
  true, true, true, true, true, true, true, true, true, true, true, true, 
  true, true, true, true, true, true, true, true, true, true, true, true, 
  true, true, true, true, true, true, true, true, true, true, true, true, 
  true, true, true, true, true, true, true, true, true, true, true, true, 
  true, true, true, true, true, true, true, true, true, true, true, true, 
  true, true, true, true, true, true, true, true, true, true, true, true, 
  true, true, true, true, true, true, true, true, true, true, true, true, 
  true, true, true, true, true, true, true, true, true, true, true, true, 
  true, true, true, true, true, true, true, true, true, true, true, true, 
  true, true, true, true, true, true, true, true, true, true, true, true, 
  true, true, true, true, true, true, true, true, true, true, true, true, 
  true, true, true, true, true, true, true, true, true, true, true, true, 
  true, true, true, true, true, true, true, true, true, true, true, true, 
  true, true, true, true, true, true, true, true, true, true, true, true, 
  true, true, true, true, true, true, true, true, true, true, true, true, 
  true, true, true, true, true, true, true, true, true, true, true, true, 
  true, true, true, true, true, true, true, true, true, true, true, true, 
  true, true, true, true, true, true, true, true, true, true, true, true, 
  true, true, true, true, true, true, true, true, true, true, true, true, 
  true, true, true, true, true, true, true, true, true, true, true, true, 
  true, true, true, true, true, true, true, true, true, true, true, true, 
  true, true, true, true, true, true, true, true, true, true, true, true, 
  true, true, true, true, true, true, true, true, true, true, true, true, 
  true, true, true, true, true, true, true, true, true, true, true, true, 
  true, true, true, true, true, true, true, true, true, true, true, true, 
  true, true, true, true, true, true, true, true, true, true, true, true, 
  true, true, true, true, true, true, true, true, true, true, true, true, 
  true, true, true, true, true, true, true, true, true, true, true, true, 
  true, true, true, true, true, true, true, true, true, true, true, true, 
  true, true, true, true, true, true, true, true, true, true, true, true, 
  true, true, true, true, true, true, true, true, true, true, true, true, 
  true, true, true, true, true, true, true, true, true, true, true, true, 
  true, true, true, true, true, true, true, true, true, true, true, true, 
  true, true, true, true, true, true, true, true, true, true, true, true, 
  true, true, true, true, true, true, true, true, true, true, true, true, 
  true, true, true, true, true, true, true, true, true, true, true, true, 
  true, true, true, true, true, true, true, true, true, true, true, true, 
  true, true, true, true, true, true, true, true, true, true, true, true, 
  true, true, true, true, true, true, true, true, true, true, true, true, 
  true, true, true, true, true, true, true, true, true, true, true, true, 
  true, true, true, true, true, true, true, true, true, true, true, true, 
  true, true, true, true, true, true, true, true, true, true, true, true, 
  true, true, true, true, true, true, true, true, true, true, true, true, 
  true, true, true, true, true, true, true, true, true, true, true, true, 
  true, true, true, true, true, true, true, true, true, true, true, true, 
  true, true, true, true, true, true, true, true, true, true, true, true, 
  true, true, true, true, true, true, true, true, true, true, true, true, 
  true, true, true, true, true, true, true, true, true, true, true, true, 
  true, true, true, true, true, true, true, true, true, true, true, true, 
  true, true, true, true, true, true, true, true, true, true, true, true, 
  true, true, true, true, true, true, true, true, true, true, true, true, 
  true, true, true, true, true, true, true, true, true, true, true, true, 
  true, true, true, true, true, true, true, true, true, true, true, true, 
  true, true, true, true, true, true, true, true, true, true, true, true, 
  true, true, true, true, true, true, true, true, true, true, true, true, 
  true, true, true, true, true, true, true, true, true, true, true, true, 
  true, true, true, true, true, true, true, true, true, true, true, true, 
  true, true, true, true, true, true, true, true, true, true, true, true, 
  true, true, true, true, true, true, true, true, true, true, true, true, 
  true, true, true, true, true, true, true, true, true, true, true, true, 
  true, true, true, true, true, true, true, true, true, true, true, true, 
  true, true, true, true, true, true, true, true, true, true, true, true, 
  true, true, true, true, true, true, true, true, true, true, true, true, 
  true, true, true, true, true, true, true, true, true, true, true, true, 
  true, true, true, true, true, true, true, true, true, true, true, true, 
  true, true, true, true, true, true, true, true, true, true, true, true, 
  true, true, true, true, true, true, true, true, true, true, true, true, 
  true, true, true, true, true, true, true, true, true, true, true, true, 
  true, true, true, true, true, true, true, true, true, true, true, true, 
  true, true, true, true, true, true, true, true, true, true, true, true, 
  true, true, true, true, true, true, true, true, true, true, true, true, 
  true, true, true, true, true, true, true, true, true, true, true, true, 
  true, true, true, true, true, true, true, true, true, true, true, true, 
  true, true, true, true, true, true, true, true, true, true, true, true, 
  true, true, true, true, true, true, true, true, true, true, true, true, 
  true, true, true, true, true, true, true, true, true, true, true, true, 
  true, true, true, true, true, true, true, true, true, true, true, true, 
  true, true, true, true, true, true, true, true, true, true, true, true, 
  true, true, true, true, true, true, true, true, true, true, true, true, 
  true, true, true, true, true, true, true, true, true, true, true, true, 
  true, true, true, true, true, true, true, true, true, true, true, true, 
  true, true, true, true, true, true, true, true, true, true, true, true, 
  true, true, true, true, true, true, true, true, true, true, true, true, 
  true, true, true, true, true, true, true, true, true, true, true, true, 
  true, true, true, true, true, true, true, true, true, true, true, true, 
  true, true, true, true, true, true, true, true, true, true, true, true, 
  true, true, true, true, true, true, true, true, true, true, true, true, 
  true, true, true, true, true, true, true, true, true, true, true, true, 
  true, true, true, true, true, true, true, true, true, true, true, true, 
  true, true, true, true, true, true, true, true, true, true, true, true, 
  true, true, true, true, true, true, true, true, true, true, true, true, 
  true, true, true, true, true, true, true, true, true, true, true, true, 
  true, true, true, true, true, true, true, true, true, true, true, true, 
  true, true, true, true, true, true, true, true, true, true, true, true, 
  true, true, true, true, true, true, true, true, true, true, true, true, 
  true, true, true, true, true, true, true, true, true, true, true, true, 
  true, true, true, true, true, true, true, true, true, true, true, true, 
  true, true, true, true, true, true, true, true, true, true, true, true, 
  true, true, true, true, true, true, true, true, true, true, true, true, 
  true, true, true, true, true, true, true, true, true, true, true, true, 
  true, true, true, true, true, true, true, true, true, true, true, true, 
  true, true, true, true, true, true, true, true, true, true, true, true, 
  true, true, true, true, true, true, true, true, true, true, true, true, 
  true, true, true, true, true, true, true, true, true, true, true, true, 
  true, true, true, true, true, true, true, true, true, true, true, true, 
  true, true, true, true, true, true, true, true, true, true, true, true, 
  true, true, true, true, true, true, true, true, true, true, true, true, 
  true, true, true, true, true, true, true, true, true, true, true, true, 
  true, true, true, true, true, true, true, true, true, true, true, true, 
  true, true, true, true, true, true, true, true, true, true, true, true, 
  true, true, true, true, true, true, true, true, true, true, true, true, 
  true, true, true, true, true, true, true, true, true, true, true, true, 
  true, true, true, true, true, true, true, true, true, true, true, true, 
  true, true, true, true, true, true, true, true, true, true, true, true, 
  true, true, true, true, true, true, true, true, true, true, true, true, 
  true, true, true, true, true, true, true, true, true, true, true, true, 
  true, true, true, true, true, true, true, true, true, true, true, true, 
  true, true, true, true, true, true, true, true, true, true, true, true, 
  true, true, true, true, true, true, true, true, true, true, true, true, 
  true, true, true, true, true, true, true, true, true, true, true, true, 
  true, true, true, true, true, true, true, true, true, true, true, true, 
  true, true, true, true, true, true, true, true, true, true, true, true, 
  true, true, true, true, true, true, true, true, true, true, true, true, 
  true, true, true, true, true, true, true, true, true, true, true, true, 
  true, true, true, true, true, true, true, true, true, true, true, true, 
  true, true, true, true, true, true, true, true, true, true, true, true, 
  true, true, true, true, true, true, true, true, true, true, true, true, 
  true, true, true, true, true, true, true, true, true, true, true, true, 
  true, true, true, true, true, true, true, true, true, true, true, true, 
  true, true, true, true, true, true, true, true, true, true, true, true, 
  true, true, true, true, true, true, true, true, true, true, true, true, 
  true, true, true, true, true, true, true, true, true, true, true, true, 
  true, true, true, true, true, true, true, true, true, true, true, true, 
  true, true, true, true, true, true, true, true, true, true, true, true, 
  true, true, true, true, true, true, true, true, true, true, true, true, 
  true, true, true, true, true, true, true, true, true, true, true, true, 
  true, true, true, true, true, true, true, true, true, true, true, true, 
  true, true, true, true, true, true, true, true, true, true, true, true, 
  true, true, true, true, true, true, true, true, true, true, true, true, 
  true, true, true, true, true, true, true, true, true, true, true, true, 
  true, true, true, true, true, true, true, true, true, true, true, true, 
  true, true, true, true, true, true, true, true, true, true, true, true, 
  true, true, true, true, true, true, true, true, true, true, true, true, 
  true, true, true, true, true, true, true, true, true, true, true, true, 
  true, true, true, true, true, true, true, true, true, true, true, true, 
  true, true, true, true, true, true, true, true, true, true, true, true, 
  true, true, true, true, true, true, true, true, true, true, true, true, 
  true, true, true, true, true, true, true, true, true, true, true, true, 
  true, true, true, true, true, true, true, true, true, true, true, true, 
  true, true, true, true, true, true, true, true, true, true, true, true, 
  true, true, true, true, true, true, true, true, true, true, true, true, 
  true, true, true, true, true, true, true, true, true, true, true, true, 
  true, true, true, true, true, true, true, true, true, true, true, true, 
  true, true, true, true, true, true, true, true, true, true, true, true, 
  true, true ]; BixB_yi:[ true, true, true, true, true, true, true, true, 
  true, true, true, true, true, true, true, true, true, true, true, true, 
  true, true, true, true, true, true, true, true, true, true, true, true, 
  true, true, true, true, true, true, true, true, true, true, true, true, 
  true, true, true, true, true, true, true, true, true, true, true, true, 
  true, true, true, true, true, true, true, true, true, true, true, true, 
  true, true, true, true, true, true, true, true, true, true, true, true, 
  true, true, true, true, true, true, true, true, true, true, true, true, 
  true, true, true, true, true, true, true, true, true, true, true, true, 
  true, true, true, true, true, true, true, true, true, true, true, true, 
  true, true, true, true, true, true, true, true, true, true, true, true, 
  true, true, true, true, true, true, true, true, true, true, true, true, 
  true, true, true, true, true, true, true, true, true, true, true, true, 
  true, true, true, true, true, true, true, true, true, true, true, true, 
  true, true, true, true, true, true, true, true, true, true, true, true, 
  true, true, true, true, true, true, true, true, true, true, true, true, 
  true, true, true, true, true, true, true, true, true, true, true, true, 
  true, true, true, true, true, true, true, true, true, true, true, true, 
  true, true, true, true, true, true, true, true, true, true, true, true, 
  true, true, true, true, true, true, true, true, true, true, true, true, 
  true, true, true, true, true, true, true, true, true, true, true, true, 
  true, true, true, true, true, true, true, true, true, true, true, true, 
  true, true, true, true, true, true, true, true, true, true, true, true, 
  true, true, true, true, true, true, true, true, true, true, true, true, 
  true, true, true, true, true, true, true, true, true, true, true, true, 
  true, true, true, true, true, true, true, true, true, true, true, true, 
  true, true, true, true, true, true, true, true, true, true, true, true, 
  true, true, true, true, true, true, true, true, true, true, true, true, 
  true, true, true, true, true, true, true, true, true, true, true, true, 
  true, true, true, true, true, true, true, true, true, true, true, true, 
  true, true, true, true, true, true, true, true, true, true, true, true, 
  true, true, true, true, true, true, true, true, true, true, true, true, 
  true, true, true, true, true, true, true, true, true, true, true, true, 
  true, true, true, true, true, true, true, true, true, true, true, true, 
  true, true, true, true, true, true, true, true, true, true, true, true, 
  true, true, true, true, true, true, true, true, true, true, true, true, 
  true, true, true, true, true, true, true, true, true, true, true, true, 
  true, true, true, true, true, true, true, true, true, true, true, true, 
  true, true, true, true, true, true, true, true, true, true, true, true, 
  true, true, true, true, true, true, true, true, true, true, true, true, 
  true, true, true, true, true, true, true, true, true, true, true, true, 
  true, true, true, true, true, true, true, true, true, true, true, true, 
  true, true, true, true, true, true, true, true, true, true, true, true, 
  true, true, true, true, true, true, true, true, true, true, true, true, 
  true, true, true, true, true, true, true, true, true, true, true, true, 
  true, true, true, true, true, true, true, true, true, true, true, true, 
  true, true, true, true, true, true, true, true, true, true, true, true, 
  true, true, true, true, true, true, true, true, true, true, true, true, 
  true, true, true, true, true, true, true, true, true, true, true, true, 
  true, true, true, true, true, true, true, true, true, true, true, true, 
  true, true, true, true, true, true, true, true, true, true, true, true, 
  true, true, true, true, true, true, true, true, true, true, true, true, 
  true, true, true, true, true, true, true, true, true, true, true, true, 
  true, true, true, true, true, true, true, true, true, true, true, true, 
  true, true, true, true, true, true, true, true, true, true, true, true, 
  true, true, true, true, true, true, true, true, true, true, true, true, 
  true, true, true, true, true, true, true, true, true, true, true, true, 
  true, true, true, true, true, true, true, true, true, true, true, true, 
  true, true, true, true, true, true, true, true, true, true, true, true, 
  true, true, true, true, true, true, true, true, true, true, true, true, 
  true, true, true, true, true, true, true, true, true, true, true, true, 
  true, true, true, true, true, true, true, true, true, true, true, true, 
  true, true, true, true, true, true, true, true, true, true, true, true, 
  true, true, true, true, true, true, true, true, true, true, true, true, 
  true, true, true, true, true, true, true, true, true, true, true, true, 
  true, true, true, true, true, true, true, true, true, true, true, true, 
  true, true, true, true, true, true, true, true, true, true, true, true, 
  true, true, true, true, true, true, true, true, true, true, true, true, 
  true, true, true, true, true, true, true, true, true, true, true, true, 
  true, true, true, true, true, true, true, true, true, true, true, true, 
  true, true, true, true, true, true, true, true, true, true, true, true, 
  true, true, true, true, true, true, true, true, true, true, true, true, 
  true, true, true, true, true, true, true, true, true, true, true, true, 
  true, true, true, true, true, true, true, true, true, true, true, true, 
  true, true, true, true, true, true, true, true, true, true, true, true, 
  true, true, true, true, true, true, true, true, true, true, true, true, 
  true, true, true, true, true, true, true, true, true, true, true, true, 
  true, true, true, true, true, true, true, true, true, true, true, true, 
  true, true, true, true, true, true, true, true, true, true, true, true, 
  true, true, true, true, true, true, true, true, true, true, true, true, 
  true, true, true, true, true, true, true, true, true, true, true, true, 
  true, true, true, true, true, true, true, true, true, true, true, true, 
  true, true, true, true, true, true, true, true, true, true, true, true, 
  true, true, true, true, true, true, true, true, true, true, true, true, 
  true, true, true, true, true, true, true, true, true, true, true, true, 
  true, true, true, true, true, true, true, true, true, true, true, true, 
  true, true, true, true, true, true, true, true, true, true, true, true, 
  true, true, true, true, true, true, true, true, true, true, true, true, 
  true, true, true, true, true, true, true, true, true, true, true, true, 
  true, true, true, true, true, true, true, true, true, true, true, true, 
  true, true, true, true, true, true, true, true, true, true, true, true, 
  true, true, true, true, true, true, true, true, true, true, true, true, 
  true, true, true, true, true, true, true, true, true, true, true, true, 
  true, true, true, true, true, true, true, true, true, true, true, true, 
  true, true, true, true, true, true, true, true, true, true, true, true, 
  true, true, true, true, true, true, true, true, true, true, true, true, 
  true, true, true, true, true, true, true, true, true, true, true, true, 
  true, true, true, true, true, true, true, true, true, true, true, true, 
  true, true, true, true, true, true, true, true, true, true, true, true, 
  true, true, true, true, true, true, true, true, true, true, true, true, 
  true, true, true, true, true, true, true, true, true, true, true, true, 
  true, true, true, true, true, true, true, true, true, true, true, true, 
  true, true, true, true, true, true, true, true, true, true, true, true, 
  true, true, true, true, true, true, true, true, true, true, true, true, 
  true, true, true, true, true, true, true, true, true, true, true, true, 
  true, true, true, true, true, true, true, true, true, true, true, true, 
  true, true, true, true, true, true, true, true, true, true, true, true, 
  true, true, true, true, true, true, true, true, true, true, true, true, 
  true, true, true, true, true, true, true, true, true, true, true, true, 
  true, true, true, true, true, true, true, true, true, true, true, true, 
  true, true, true, true, true, true, true, true, true, true, true, true, 
  true, true, true, true, true, true, true, true, true, true, true, true, 
  true, true, true, true, true, true, true, true, true, true, true, true, 
  true, true, true, true, true, true, true, true, true, true, true, true, 
  true, true, true, true, true, true, true, true, true, true, true, true, 
  true, true, true, true, true, true, true, true, true, true, true, true, 
  true, true, true, true, true, true, true, true, true, true, true, true, 
  true, true, true, true, true, true, true, true, true, true, true, true, 
  true, true, true, true, true, true, true, true, true, true, true, true, 
  true, true, true, true, true, true, true, true, true, true, true, true, 
  true, true, true, true, true, true, true, true, true, true, true, true, 
  true, true, true, true, true, true, true, true, true, true, true, true, 
  true, true, true, true, true, true, true, true, true, true, true, true, 
  true, true, true, true, true, true, true, true, true, true, true, true, 
  true, true, true, true, true, true, true, true, true, true, true, true, 
  true, true, true, true, true, true, true, true, true, true, true, true, 
  true, true, true, true, true, true, true, true, true, true, true, true, 
  true, true, true, true, true, true, true, true, true, true, true, true, 
  true, true, true, true, true, true, true, true, true, true, true, true, 
  true, true, true, true, true, true, true, true, true, true, true, true, 
  true, true, true, true, true, true, true, true, true, true, true, true, 
  true, true, true, true, true, true, true, true, true, true, true, true, 
  true, true, true, true, true, true, true, true, true, true, true, true, 
  true, true, true, true, true, true, true, true, true, true, true, true, 
  true, true, true, true, true, true, true, true, true, true, true, true, 
  true, true, true, true, true, true, true, true, true, true, true, true, 
  true, true, true, true, true, true, true, true, true, true, true, true, 
  true, true, true, true, true, true, true, true, true, true, true, true, 
  true, true, true, true, true, true, true, true, true, true, true, true, 
  true, true, true, true, true, true, true, true, true, true, true, true, 
  true, true, true, true, true, true, true, true, true, true, true, true, 
  true, true, true, true, true, true, true, true, true, true, true, true, 
  true, true, true, true, true, true, true, true, true, true, true, true, 
  true, true, true, true, true, true, true, true, true, true, true, true, 
  true, true, true, true, true, true, true, true, true, true, true, true, 
  true, true, true, true, true, true, true, true, true, true, true, true, 
  true, true, true, true, true, true, true, true, true, true, true, true, 
  true, true, true, true, true, true, true, true, true, true, true, true, 
  true, true, true, true, true, true, true, true, true, true, true, true, 
  true, true, true, true, true, true, true, true, true, true, true, true, 
  true, true, true, true, true, true, true, true, true, true, true, true, 
  true, true, true, true, true, true, true, true, true, true, true, true, 
  true, true, true, true, true, true, true, true, true, true, true, true, 
  true, true, true, true, true, true, true, true, true, true, true, true, 
  true, true, true, true, true, true, true, true, true, true, true, true, 
  true, true, true, true, true, true, true, true, true, true, true, true, 
  true, true, true, true, true, true, true, true, true, true, true, true, 
  true, true, true, true, true, true, true, true, true, true, true, true, 
  true, true, true, true, true, true, true, true, true, true, true, true, 
  true, true, true, true, true, true, true, true, true, true, true, true, 
  true, true, true, true, true, true, true, true, true, true, true, true, 
  true, true, true, true, true, true, true, true, true, true, true, true, 
  true, true, true, true, true, true, true, true, true, true, true, true, 
  true, true, true, true, true, true, true, true, true, true, true, true, 
  true, true, true, true, true, true, true, true, true, true, true, true, 
  true, true, true, true, true, true, true, true, true, true, true, true, 
  true, true, true, true, true, true, true, true, true, true, true, true, 
  true, true, true, true, true, true, true, true, true, true, true, true, 
  true, true, true, true, true, true, true, true, true, true, true, true, 
  true, true, true, true, true, true, true, true, true, true, true, true, 
  true, true, true, true, true, true, true, true, true, true, true, true, 
  true, true, true, true, true, true, true, true, true, true, true, true, 
  true, true, true, true, true, true, true, true, true, true, true, true, 
  true, true, true, true, true, true, true, true, true, true, true, true, 
  true, true, true, true, true, true, true, true, true, true, true, true, 
  true, true, true, true, true, true, true, true, true, true, true, true, 
  true, true, true, true, true, true, true, true, true, true, true, true, 
  true, true, true, true, true, true, true, true, true, true, true, true, 
  true, true, true, true, true, true, true, true, true, true, true, true, 
  true, true, true, true, true, true, true, true, true, true, true, true, 
  true, true, true, true, true, true, true, true, true, true, true, true, 
  true, true, true, true, true, true, true, true, true, true, true, true, 
  true, true, true, true, true, true, true, true, true, true, true, true, 
  true, true, true, true, true, true, true, true, true, true, true, true, 
  true, true, true, true, true, true, true, true, true, true, true, true, 
  true, true, true, true, true, true, true, true, true, true, true, true, 
  true, true, true, true, true, true, true, true, true, true, true, true, 
  true, true, true, true, true, true, true, true, true, true, true, true, 
  true, true, true, true, true, true, true, true, true, true, true, true, 
  true, true, true, true, true, true, true, true, true, true, true, true, 
  true, true, true, true, true, true, true, true, true, true, true, true, 
  true, true, true, true, true, true, true, true, true, true, true, true, 
  true, true, true, true, true, true, true, true, true, true, true, true, 
  true, true, true, true, true, true, true, true, true, true, true, true, 
  true, true, true, true, true, true, true, true, true, true, true, true, 
  true, true, true, true, true, true, true, true, true, true, true, true, 
  true, true, true, true, true, true, true, true, true, true, true, true, 
  true, true, true, true, true, true, true, true, true, true, true, true, 
  true, true, true, true, true, true, true, true, true, true, true, true, 
  true, true, true, true, true, true, true, true, true, true, true, true, 
  true, true, true, true, true, true, true, true, true, true, true, true, 
  true, true, true, true, true, true, true, true, true, true, true, true, 
  true, true, true, true ]; ctrl_ByBi:[ true, true, true, true, true, true, 
  true, true, true, true, true, true, true, true, true, true, true, true, 
  true, true, true, true, true, true, true, true, true, true, true, true, 
  true, true, true, true, true, true, true, true, true, true, true, true, 
  true, true, true, true, true, true, true, true, true, true, true, true, 
  true, true, true, true, true, true, true, true, true, true, true, true, 
  true, true, true, true, true, true, true, true, true, true, true, true, 
  true, true, true, true, true, true, true, true, true, true, true, true, 
  true, true, true, true, true, true, true, true, true, true, true, true, 
  true, true, true, true, true, true, true, true, true, true, true, true, 
  true, true, true, true, true, true, true, true, true, true, true, true, 
  true, true, true, true, true, true, true, true, true, true, true, true, 
  true, true, true, true, true, true, true, true, true, true, true, true, 
  true, true, true, true, true, true, true, true, true, true, true, true, 
  true, true, true, true, true, true, true, true, true, true, true, true, 
  true, true, true, true, true, true, true, true, true, true, true, true, 
  true, true, true, true, true, true, true, true, true, true, true, true, 
  true, true, true, true, true, true, true, true, true, true, true, true, 
  true, true, true, true, true, true, true, true, true, true, true, true, 
  true, true, true, true, true, true, true, true, true, true, true, true, 
  true, true, true, true, true, true, true, true, true, true, true, true, 
  true, true, true, true, true, true, true, true, true, true, true, true, 
  true, true, true, true, true, true, true, true, true, true, true, true, 
  true, true, true, true, true, true, true, true, true, true, true, true, 
  true, true, true, true, true, true, true, true, true, true, true, true, 
  true, true, true, true, true, true, true, true, true, true, true, true, 
  true, true, true, true, true, true, true, true, true, true, true, true, 
  true, true, true, true, true, true, true, true, true, true, true, true, 
  true, true, true, true, true, true, true, true, true, true, true, true, 
  true, true, true, true, true, true, true, true, true, true, true, true, 
  true, true, true, true, true, true, true, true, true, true, true, true, 
  true, true, true, true, true, true, true, true, true, true, true, true, 
  true, true, true, true, true, true, true, true, true, true, true, true, 
  true, true, true, true, true, true, true, true, true, true, true, true, 
  true, true, true, true, true, true, true, true, true, true, true, true, 
  true, true, true, true, true, true, true, true, true, true, true, true, 
  true, true, true, true, true, true, true, true, true, true, true, true, 
  true, true, true, true, true, true, true, true, true, true, true, true, 
  true, true, true, true, true, true, true, true, true, true, true, true, 
  true, true, true, true, true, true, true, true, true, true, true, true, 
  true, true, true, true, true, true, true, true, true, true, true, true, 
  true, true, true, true, true, true, true, true, true, true, true, true, 
  true, true, true, true, true, true, true, true, true, true, true, true, 
  true, true, true, true, true, true, true, true, true, true, true, true, 
  true, true, true, true, true, true, true, true, true, true, true, true, 
  true, true, true, true, true, true, true, true, true, true, true, true, 
  true, true, true, true, true, true, true, true, true, true, true, true, 
  true, true, true, true, true, true, true, true, true, true, true, true, 
  true, true, true, true, true, true, true, true, true, true, true, true, 
  true, true, true, true, true, true, true, true, true, true, true, true, 
  true, true, true, true, true, true, true, true, true, true, true, true, 
  true, true, true, true, true, true, true, true, true, true, true, true, 
  true, true, true, true, true, true, true, true, true, true, true, true, 
  true, true, true, true, true, true, true, true, true, true, true, true, 
  true, true, true, true, true, true, true, true, true, true, true, true, 
  true, true, true, true, true, true, true, true, true, true, true, true, 
  true, true, true, true, true, true, true, true, true, true, true, true, 
  true, true, true, true, true, true, true, true, true, true, true, true, 
  true, true, true, true, true, true, true, true, true, true, true, true, 
  true, true, true, true, true, true, true, true, true, true, true, true, 
  true, true, true, true, true, true, true, true, true, true, true, true, 
  true, true, true, true, true, true, true, true, true, true, true, true, 
  true, true, true, true, true, true, true, true, true, true, true, true, 
  true, true, true, true, true, true, true, true, true, true, true, true, 
  true, true, true, true, true, true, true, true, true, true, true, true, 
  true, true, true, true, true, true, true, true, true, true, true, true, 
  true, true, true, true, true, true, true, true, true, true, true, true, 
  true, true, true, true, true, true, true, true, true, true, true, true, 
  true, true, true, true, true, true, true, true, true, true, true, true, 
  true, true, true, true, true, true, true, true, true, true, true, true, 
  true, true, true, true, true, true, true, true, true, true, true, true, 
  true, true, true, true, true, true, true, true, true, true, true, true, 
  true, true, true, true, true, true, true, true, true, true, true, true, 
  true, true, true, true, true, true, true, true, true, true, true, true, 
  true, true, true, true, true, true, true, true, true, true, true, true, 
  true, true, true, true, true, true, true, true, true, true, true, true, 
  true, true, true, true, true, true, true, true, true, true, true, true, 
  true, true, true, true, true, true, true, true, true, true, true, true, 
  true, true, true, true, true, true, true, true, true, true, true, true, 
  true, true, true, true, true, true, true, true, true, true, true, true, 
  true, true, true, true, true, true, true, true, true, true, true, true, 
  true, true, true, true, true, true, true, true, true, true, true, true, 
  true, true, true, true, true, true, true, true, true, true, true, true, 
  true, true, true, true, true, true, true, true, true, true, true, true, 
  true, true, true, true, true, true, true, true, true, true, true, true, 
  true, true, true, true, true, true, true, true, true, true, true, true, 
  true, true, true, true, true, true, true, true, true, true, true, true, 
  true, true, true, true, true, true, true, true, true, true, true, true, 
  true, true, true, true, true, true, true, true, true, true, true, true, 
  true, true, true, true, true, true, true, true, true, true, true, true, 
  true, true, true, true, true, true, true, true, true, true, true, true, 
  true, true, true, true, true, true, true, true, true, true, true, true, 
  true, true, true, true, true, true, true, true, true, true, true, true, 
  true, true, true, true, true, true, true, true, true, true, true, true, 
  true, true, true, true, true, true, true, true, true, true, true, true, 
  true, true, true, true, true, true, true, true, true, true, true, true, 
  true, true, true, true, true, true, true, true, true, true, true, true, 
  true, true, true, true, true, true, true, true, true, true, true, true, 
  true, true, true, true, true, true, true, true, true, true, true, true, 
  true, true, true, true, true, true, true, true, true, true, true, true, 
  true, true, true, true, true, true, true, true, true, true, true, true, 
  true, true, true, true, true, true, true, true, true, true, true, true, 
  true, true, true, true, true, true, true, true, true, true, true, true, 
  true, true, true, true, true, true, true, true, true, true, true, true, 
  true, true, true, true, true, true, true, true, true, true, true, true, 
  true, true, true, true, true, true, true, true, true, true, true, true, 
  true, true, true, true, true, true, true, true, true, true, true, true, 
  true, true, true, true, true, true, true, true, true, true, true, true, 
  true, true, true, true, true, true, true, true, true, true, true, true, 
  true, true, true, true, true, true, true, true, true, true, true, true, 
  true, true, true, true, true, true, true, true, true, true, true, true, 
  true, true, true, true, true, true, true, true, true, true, true, true, 
  true, true, true, true, true, true, true, true, true, true, true, true, 
  true, true, true, true, true, true, true, true, true, true, true, true, 
  true, true, true, true, true, true, true, true, true, true, true, true, 
  true, true, true, true, true, true, true, true, true, true, true, true, 
  true, true, true, true, true, true, true, true, true, true, true, true, 
  true, true, true, true, true, true, true, true, true, true, true, true, 
  true, true, true, true, true, true, true, true, true, true, true, true, 
  true, true, true, true, true, true, true, true, true, true, true, true, 
  true, true, true, true, true, true, true, true, true, true, true, true, 
  true, true, true, true, true, true, true, true, true, true, true, true, 
  true, true, true, true, true, true, true, true, true, true, true, true, 
  true, true, true, true, true, true, true, true, true, true, true, true, 
  true, true, true, true, true, true, true, true, true, true, true, true, 
  true, true, true, true, true, true, true, true, true, true, true, true, 
  true, true, true, true, true, true, true, true, true, true, true, true, 
  true, true, true, true, true, true, true, true, true, true, true, true, 
  true, true, true, true, true, true, true, true, true, true, true, true, 
  true, true, true, true, true, true, true, true, true, true, true, true, 
  true, true, true, true, true, true, true, true, true, true, true, true, 
  true, true, true, true, true, true, true, true, true, true, true, true, 
  true, true, true, true, true, true, true, true, true, true, true, true, 
  true, true, true, true, true, true, true, true, true, true, true, true, 
  true, true, true, true, true, true, true, true, true, true, true, true, 
  true, true, true, true, true, true, true, true, true, true, true, true, 
  true, true, true, true, true, true, true, true, true, true, true, true, 
  true, true, true, true, true, true, true, true, true, true, true, true, 
  true, true, true, true, true, true, true, true, true, true, true, true, 
  true, true, true, true, true, true, true, true, true, true, true, true, 
  true, true, true, true, true, true, true, true, true, true, true, true, 
  true, true, true, true, true, true, true, true, true, true, true, true, 
  true, true, true, true, true, true, true, true, true, true, true, true, 
  true, true, true, true, true, true, true, true, true, true, true, true, 
  true, true, true, true, true, true, true, true, true, true, true, true, 
  true, true, true, true, true, true, true, true, true, true, true, true, 
  true, true, true, true, true, true, true, true, true, true, true, true, 
  true, true, true, true, true, true, true, true, true, true, true, true, 
  true, true, true, true, true, true, true, true, true, true, true, true, 
  true, true, true, true, true, true, true, true, true, true, true, true, 
  true, true, true, true, true, true, true, true, true, true, true, true, 
  true, true, true, true, true, true, true, true, true, true, true, true, 
  true, true, true, true, true, true, true, true, true, true, true, true, 
  true, true, true, true, true, true, true, true, true, true, true, true, 
  true, true, true, true, true, true, true, true, true, true, true, true, 
  true, true, true, true, true, true, true, true, true, true, true, true, 
  true, true, true, true, true, true, true, true, true, true, true, true, 
  true, true, true, true, true, true, true, true, true, true, true, true, 
  true, true, true, true, true, true, true, true, true, true, true, true, 
  true, true, true, true, true, true, true, true, true, true, true, true, 
  true, true, true, true, true, true, true, true, true, true, true, true, 
  true, true, true, true, true, true, true, true, true, true, true, true, 
  true, true, true, true, true, true, true, true, true, true, true, true, 
  true, true, true, true, true, true, true, true, true, true, true, true, 
  true, true, true, true, true, true, true, true, true, true, true, true, 
  true, true, true, true, true, true, true, true, true, true, true, true, 
  true, true, true, true, true, true, true, true, true, true, true, true, 
  true, true, true, true, true, true, true, true, true, true, true, true, 
  true, true, true, true, true, true, true, true, true, true, true, true, 
  true, true, true, true, true, true, true, true, true, true, true, true, 
  true, true, true, true, true, true, true, true, true, true, true, true, 
  true, true, true, true, true, true, true, true, true, true, true, true, 
  true, true, true, true, true, true, true, true, true, true, true, true, 
  true, true, true, true, true, true, true, true, true, true, true, true, 
  true, true, true, true, true, true, true, true, true, true, true, true, 
  true, true, true, true, true, true, true, true, true, true, true, true, 
  true, true, true, true, true, true, true, true, true, true, true, true, 
  true, true, true, true, true, true, true, true, true, true, true, true, 
  true, true, true, true, true, true, true, true, true, true, true, true, 
  true, true, true, true, true, true, true, true, true, true, true, true, 
  true, true, true, true, true, true, true, true, true, true, true, true, 
  true, true, true, true, true, true, true, true, true, true, true, true, 
  true, true, true, true, true, true, true, true, true, true, true, true, 
  true, true, true, true, true, true, true, true, true, true, true, true, 
  true, true, true, true, true, true, true, true, true, true, true, true, 
  true, true, true, true, true, true, true, true, true, true, true, true, 
  true, true, true, true, true, true, true, true, true, true, true, true, 
  true, true, true, true, true, true, true, true, true, true, true, true, 
  true, true, true, true, true, true, true, true, true, true, true, true, 
  true, true, true, true, true, true, true, true, true, true, true, true, 
  true, true, true, true, true, true, true, true, true, true, true, true, 
  true, true, true, true, true, true, true, true, true, true, true, true, 
  true, true, true, true, true, true, true, true, true, true, true, true, 
  true, true, true, true, true, true, true, true, true, true, true, true, 
  true, true, true, true, true, true, true, true, true, true, true, true, 
  true, true, true, true, true, true, true, true, true, true, true, true, 
  true, true, true, true, true, true, true, true, true, true, true, true, 
  true, true, true, true, true, true, true, true, true, true, true, true, 
  true, true, true, true, true, true, true, true, true, true, true, true, 
  true, true, true, true, true, true, true, true, true, true, true, true, 
  true, true, true, true, true, true, true, true, true, true, true, true, 
  true, true, true, true, true, true, true, true, true, true, true, true, 
  true, true, true, true, true, true ]; ctrl_AxAi:
[ true, true, true, true, true, true, true, true, true, true, true, true, 
  true, true, true, true, true, true, true, true, true, true, true, true, 
  true, true, true, true, true, true, true, true, true, true, true, true, 
  true, true, true, true, true, true, true, true, true, true, true, true, 
  true, true, true, true, true, true, true, true, true, true, true, true, 
  true, true, true, true, true, true, true, true, true, true, true, true, 
  true, true, true, true, true, true, true, true, true, true, true, true, 
  true, true, true, true, true, true, true, true, true, true, true, true, 
  true, true, true, true, true, true, true, true, true, true, true, true, 
  true, true, true, true, true, true, true, true, true, true, true, true, 
  true, true, true, true, true, true, true, true, true, true, true, true, 
  true, true, true, true, true, true, true, true, true, true, true, true, 
  true, true, true, true, true, true, true, true, true, true, true, true, 
  true, true, true, true, true, true, true, true, true, true, true, true, 
  true, true, true, true, true, true, true, true, true, true, true, true, 
  true, true, true, true, true, true, true, true, true, true, true, true, 
  true, true, true, true, true, true, true, true, true, true, true, true, 
  true, true, true, true, true, true, true, true, true, true, true, true, 
  true, true, true, true, true, true, true, true, true, true, true, true, 
  true, true, true, true, true, true, true, true, true, true, true, true, 
  true, true, true, true, true, true, true, true, true, true, true, true, 
  true, true, true, true, true, true, true, true, true, true, true, true, 
  true, true, true, true, true, true, true, true, true, true, true, true, 
  true, true, true, true, true, true, true, true, true, true, true, true, 
  true, true, true, true, true, true, true, true, true, true, true, true, 
  true, true, true, true, true, true, true, true, true, true, true, true, 
  true, true, true, true, true, true, true, true, true, true, true, true, 
  true, true, true, true, true, true, true, true, true, true, true, true, 
  true, true, true, true, true, true, true, true, true, true, true, true, 
  true, true, true, true, true, true, true, true, true, true, true, true, 
  true, true, true, true, true, true, true, true, true, true, true, true, 
  true, true, true, true, true, true, true, true, true, true, true, true, 
  true, true, true, true, true, true, true, true, true, true, true, true, 
  true, true, true, true, true, true, true, true, true, true, true, true, 
  true, true, true, true, true, true, true, true, true, true, true, true, 
  true, true, true, true, true, true, true, true, true, true, true, true, 
  true, true, true, true, true, true, true, true, true, true, true, true, 
  true, true, true, true, true, true, true, true, true, true, true, true, 
  true, true, true, true, true, true, true, true, true, true, true, true, 
  true, true, true, true, true, true, true, true, true, true, true, true, 
  true, true, true, true, true, true, true, true, true, true, true, true, 
  true, true, true, true, true, true, true, true, true, true, true, true, 
  true, true, true, true, true, true, true, true, true, true, true, true, 
  true, true, true, true, true, true, true, true, true, true, true, true, 
  true, true, true, true, true, true, true, true, true, true, true, true, 
  true, true, true, true, true, true, true, true, true, true, true, true, 
  true, true, true, true, true, true, true, true, true, true, true, true, 
  true, true, true, true, true, true, true, true, true, true, true, true, 
  true, true, true, true, true, true, true, true, true, true, true, true, 
  true, true, true, true, true, true, true, true, true, true, true, true, 
  true, true, true, true, true, true, true, true, true, true, true, true, 
  true, true, true, true, true, true, true, true, true, true, true, true, 
  true, true, true, true, true, true, true, true, true, true, true, true, 
  true, true, true, true, true, true, true, true, true, true, true, true, 
  true, true, true, true, true, true, true, true, true, true, true, true, 
  true, true, true, true, true, true, true, true, true, true, true, true, 
  true, true, true, true, true, true, true, true, true, true, true, true, 
  true, true, true, true, true, true, true, true, true, true, true, true, 
  true, true, true, true, true, true, true, true, true, true, true, true, 
  true, true, true, true, true, true, true, true, true, true, true, true, 
  true, true, true, true, true, true, true, true, true, true, true, true, 
  true, true, true, true, true, true, true, true, true, true, true, true, 
  true, true, true, true, true, true, true, true, true, true, true, true, 
  true, true, true, true, true, true, true, true, true, true, true, true, 
  true, true, true, true, true, true, true, true, true, true, true, true, 
  true, true, true, true, true, true, true, true, true, true, true, true, 
  true, true, true, true, true, true, true, true, true, true, true, true, 
  true, true, true, true, true, true, true, true, true, true, true, true, 
  true, true, true, true, true, true, true, true, true, true, true, true, 
  true, true, true, true, true, true, true, true, true, true, true, true, 
  true, true, true, true, true, true, true, true, true, true, true, true, 
  true, true, true, true, true, true, true, true, true, true, true, true, 
  true, true, true, true, true, true, true, true, true, true, true, true, 
  true, true, true, true, true, true, true, true, true, true, true, true, 
  true, true, true, true, true, true, true, true, true, true, true, true, 
  true, true, true, true, true, true, true, true, true, true, true, true, 
  true, true, true, true, true, true, true, true, true, true, true, true, 
  true, true, true, true, true, true, true, true, true, true, true, true, 
  true, true, true, true, true, true, true, true, true, true, true, true, 
  true, true, true, true, true, true, true, true, true, true, true, true, 
  true, true, true, true, true, true, true, true, true, true, true, true, 
  true, true, true, true, true, true, true, true, true, true, true, true, 
  true, true, true, true, true, true, true, true, true, true, true, true, 
  true, true, true, true, true, true, true, true, true, true, true, true, 
  true, true, true, true, true, true, true, true, true, true, true, true, 
  true, true, true, true, true, true, true, true, true, true, true, true, 
  true, true, true, true, true, true, true, true, true, true, true, true, 
  true, true, true, true, true, true, true, true, true, true, true, true, 
  true, true, true, true, true, true, true, true, true, true, true, true, 
  true, true, true, true, true, true, true, true, true, true, true, true, 
  true, true, true, true, true, true, true, true, true, true, true, true, 
  true, true, true, true, true, true, true, true, true, true, true, true, 
  true, true, true, true, true, true, true, true, true, true, true, true, 
  true, true, true, true, true, true, true, true, true, true, true, true, 
  true, true, true, true, true, true, true, true, true, true, true, true, 
  true, true, true, true, true, true, true, true, true, true, true, true, 
  true, true, true, true, true, true, true, true, true, true, true, true, 
  true, true, true, true, true, true, true, true, true, true, true, true, 
  true, true, true, true, true, true, true, true, true, true, true, true, 
  true, true, true, true, true, true, true, true, true, true, true, true, 
  true, true, true, true, true, true, true, true, true, true, true, true, 
  true, true, true, true, true, true, true, true, true, true, true, true, 
  true, true, true, true, true, true, true, true, true, true, true, true, 
  true, true, true, true, true, true, true, true, true, true, true, true, 
  true, true, true, true, true, true, true, true, true, true, true, true, 
  true, true, true, true, true, true, true, true, true, true, true, true, 
  true, true, true, true, true, true, true, true, true, true, true, true, 
  true, true, true, true, true, true, true, true, true, true, true, true, 
  true, true, true, true, true, true, true, true, true, true, true, true, 
  true, true, true, true, true, true, true, true, true, true, true, true, 
  true, true, true, true, true, true, true, true, true, true, true, true, 
  true, true, true, true, true, true, true, true, true, true, true, true, 
  true, true, true, true, true, true, true, true, true, true, true, true, 
  true, true, true, true, true, true, true, true, true, true, true, true, 
  true, true, true, true, true, true, true, true, true, true, true, true, 
  true, true, true, true, true, true, true, true, true, true, true, true, 
  true, true, true, true, true, true, true, true, true, true, true, true, 
  true, true, true, true, true, true, true, true, true, true, true, true, 
  true, true, true, true, true, true, true, true, true, true, true, true, 
  true, true, true, true, true, true, true, true, true, true, true, true, 
  true, true, true, true, true, true, true, true, true, true, true, true, 
  true, true, true, true, true, true, true, true, true, true, true, true, 
  true, true, true, true, true, true, true, true, true, true, true, true, 
  true, true, true, true, true, true, true, true, true, true, true, true, 
  true, true, true, true, true, true, true, true, true, true, true, true, 
  true, true, true, true, true, true, true, true, true, true, true, true, 
  true, true, true, true, true, true, true, true, true, true, true, true, 
  true, true, true, true, true, true, true, true, true, true, true, true, 
  true, true, true, true, true, true, true, true, true, true, true, true, 
  true, true, true, true, true, true, true, true, true, true, true, true, 
  true, true, true, true, true, true, true, true, true, true, true, true, 
  true, true, true, true, true, true, true, true, true, true, true, true, 
  true, true, true, true, true, true, true, true, true, true, true, true, 
  true, true, true, true, true, true, true, true, true, true, true, true, 
  true, true, true, true, true, true, true, true, true, true, true, true, 
  true, true, true, true, true, true, true, true, true, true, true, true, 
  true, true, true, true, true, true, true, true, true, true, true, true, 
  true, true, true, true, true, true, true, true, true, true, true, true, 
  true, true, true, true, true, true, true, true, true, true, true, true, 
  true, true, true, true, true, true, true, true, true, true, true, true, 
  true, true, true, true, true, true, true, true, true, true, true, true, 
  true, true, true, true, true, true, true, true, true, true, true, true, 
  true, true, true, true, true, true, true, true, true, true, true, true, 
  true, true, true, true, true, true, true, true, true, true, true, true, 
  true, true, true, true, true, true, true, true, true, true, true, true, 
  true, true, true, true, true, true, true, true, true, true, true, true, 
  true, true, true, true, true, true, true, true, true, true, true, true, 
  true, true, true, true, true, true, true, true, true, true, true, true, 
  true, true, true, true, true, true, true, true, true, true, true, true, 
  true, true, true, true, true, true, true, true, true, true, true, true, 
  true, true, true, true, true, true, true, true, true, true, true, true, 
  true, true, true, true, true, true, true, true, true, true, true, true, 
  true, true, true, true, true, true, true, true, true, true, true, true, 
  true, true, true, true, true, true, true, true, true, true, true, true, 
  true, true, true, true, true, true, true, true, true, true, true, true, 
  true, true, true, true, true, true, true, true, true, true, true, true, 
  true, true, true, true, true, true, true, true, true, true, true, true, 
  true, true, true, true, true, true, true, true, true, true, true, true, 
  true, true, true, true, true, true, true, true, true, true, true, true, 
  true, true, true, true, true, true, true, true, true, true, true, true, 
  true, true, true, true, true, true, true, true, true, true, true, true, 
  true, true, true, true, true, true, true, true, true, true, true, true, 
  true, true, true, true, true, true, true, true, true, true, true, true, 
  true, true, true, true, true, true, true, true, true, true, true, true, 
  true, true, true, true, true, true, true, true, true, true, true, true, 
  true, true, true, true, true, true, true, true, true, true, true, true, 
  true, true, true, true, true, true, true, true, true, true, true, true, 
  true, true, true, true, true, true, true, true, true, true, true, true, 
  true, true, true, true, true, true, true, true, true, true, true, true, 
  true, true, true, true, true, true, true, true, true, true, true, true, 
  true, true, true, true, true, true, true, true, true, true, true, true, 
  true, true, true, true, true, true, true, true, true, true, true, true, 
  true, true, true, true, true, true, true, true, true, true, true, true, 
  true, true, true, true, true, true, true, true, true, true, true, true, 
  true, true, true, true, true, true, true, true, true, true, true, true, 
  true, true, true, true, true, true, true, true, true, true, true, true, 
  true, true, true, true, true, true, true, true, true, true, true, true, 
  true, true, true, true, true, true, true, true, true, true, true, true, 
  true, true, true, true, true, true, true, true, true, true, true, true, 
  true, true, true, true, true, true, true, true, true, true, true, true, 
  true, true, true, true, true, true, true, true, true, true, true, true, 
  true, true, true, true, true, true, true, true, true, true, true, true, 
  true, true, true, true, true, true, true, true, true, true, true, true, 
  true, true, true, true, true, true, true, true, true, true, true, true, 
  true, true, true, true, true, true, true, true, true, true, true, true, 
  true, true, true, true, true, true, true, true, true, true, true, true, 
  true, true, true, true, true, true, true, true, true, true, true, true, 
  true, true, true, true, true, true, true, true, true, true, true, true, 
  true, true, true, true, true, true, true, true, true, true, true, true, 
  true, true, true, true, true, true, true, true, true, true, true, true, 
  true, true, true, true, true, true, true, true, true, true, true, true, 
  true, true, true, true, true, true, true, true, true, true, true, true, 
  true, true, true, true, true, true, true, true, true, true, true, true, 
  true, true, true, true, true, true, true, true, true, true, true, true, 
  true, true, true, true, true, true, true, true, true, true, true, true, 
  true, true, true, true, true, true, true, true, true, true, true, true, 
  true, true, true, true, true, true, true, true, true, true, true, true, 
  true, true, true, true, true, true, true, true, true, true, true, true, 
  true, true, true, true, true, true, true, true, true, true, true, true, 
  true, true, true, true, true, true, true, true, true, true, true, true, 
  true, true, true, true, true, true, true, true, true, true, true, true, 
  true, true, true, true, true, true, true, true, true, true, true, true ]
S3: 3 quotient(s); sheet_BxBi_y:[ true, true, true ]; BxBi_yi:
[ true, true, true ]; BixB_y:[ true, true, true ]; BixB_yi:[ true, true, true 
 ]; ctrl_ByBi:[ true, true, true ]; ctrl_AxAi:[ true, true, true ]
S4: 9 quotient(s); sheet_BxBi_y:[ true, true, true, true, true, true, true, 
  true, true ]; BxBi_yi:[ true, true, true, true, true, true, true, true, 
  true ]; BixB_y:[ true, true, true, true, true, true, true, true, true 
 ]; BixB_yi:[ true, true, true, true, true, true, true, true, true 
 ]; ctrl_ByBi:[ true, true, true, true, true, true, true, true, true 
 ]; ctrl_AxAi:[ true, true, true, true, true, true, true, true, true ]
D8: 3 quotient(s); sheet_BxBi_y:[ true, true, true ]; BxBi_yi:
[ true, true, true ]; BixB_y:[ true, true, true ]; BixB_yi:[ true, true, true 
 ]; ctrl_ByBi:[ true, true, true ]; ctrl_AxAi:[ true, true, true ]
Q8: 1 quotient(s); sheet_BxBi_y:[ true ]; BxBi_yi:[ true ]; BixB_y:
[ true ]; BixB_yi:[ true ]; ctrl_ByBi:[ true ]; ctrl_AxAi:[ true ]
S5: 58 quotient(s); sheet_BxBi_y:[ true, true, true, true, true, true, true, 
  true, true, true, true, true, true, true, true, true, true, true, true, 
  true, true, true, true, true, true, true, true, true, true, true, true, 
  true, true, true, true, true, true, true, true, true, true, true, true, 
  true, true, true, true, true, true, true, true, true, true, true, true, 
  true, true, true ]; BxBi_yi:[ true, true, true, true, true, true, true, 
  true, true, true, true, true, true, true, true, true, true, true, true, 
  true, true, true, true, true, true, true, true, true, true, true, true, 
  true, true, true, true, true, true, true, true, true, true, true, true, 
  true, true, true, true, false, true, true, true, true, true, true, true, 
  true, true, true ]; BixB_y:[ true, true, true, true, true, true, true, 
  true, true, true, true, true, true, true, true, true, true, true, true, 
  true, true, true, true, true, true, true, true, true, true, true, true, 
  true, true, true, true, true, true, true, true, true, true, true, true, 
  true, true, true, true, true, true, true, true, true, true, true, true, 
  true, true, true ]; BixB_yi:[ true, true, true, true, true, true, true, 
  true, true, true, true, true, true, true, true, true, true, true, true, 
  true, true, true, true, true, true, true, true, true, true, true, true, 
  true, true, true, true, true, true, true, true, true, true, true, true, 
  true, true, true, true, false, true, true, true, true, true, true, true, 
  true, true, true ]; ctrl_ByBi:[ true, true, true, true, true, true, true, 
  true, true, true, true, true, true, true, true, true, true, true, true, 
  true, true, true, true, true, true, true, true, true, true, true, true, 
  true, true, true, true, true, true, true, true, true, true, true, true, 
  true, true, true, true, true, true, true, true, true, true, true, true, 
  true, true, true ]; ctrl_AxAi:[ true, true, true, true, true, true, true, 
  true, true, true, true, true, true, true, true, true, true, true, true, 
  true, true, true, true, true, true, true, true, true, true, true, true, 
  true, true, true, true, true, true, true, true, true, true, true, true, 
  true, true, true, true, true, true, true, true, true, true, true, true, 
  true, true, true ]
SL(2,3): 16 quotient(s); sheet_BxBi_y:[ true, true, true, true, true, true, 
  true, true, true, true, true, true, true, true, true, true ]; BxBi_yi:
[ true, true, true, true, true, true, true, true, true, true, true, true, 
  true, true, true, true ]; BixB_y:[ true, true, true, true, true, true, 
  true, true, true, true, true, true, true, true, true, true ]; BixB_yi:
[ true, true, true, true, true, true, true, true, true, true, true, true, 
  true, true, true, true ]; ctrl_ByBi:[ true, true, true, true, true, true, 
  true, true, true, true, true, true, true, true, true, true ]; ctrl_AxAi:
[ true, true, true, true, true, true, true, true, true, true, true, true, 
  true, true, true, true ]
C3xS3: 12 quotient(s); sheet_BxBi_y:[ true, true, true, true, true, true, 
  true, true, true, true, true, true ]; BxBi_yi:
[ true, true, true, true, true, true, true, true, true, true, true, true 
 ]; BixB_y:[ true, true, true, true, true, true, true, true, true, true, 
  true, true ]; BixB_yi:[ true, true, true, true, true, true, true, true, 
  true, true, true, true ]; ctrl_ByBi:[ true, true, true, true, true, true, 
  true, true, true, true, true, true ]; ctrl_AxAi:
[ true, true, true, true, true, true, true, true, true, true, true, true ]
